Workbook

Sheet Channels
A1: Enabled | B1: Channel | C1: Name | D1: Color | E1: Source* | F1: Socket* | G1: Gain* | H1: Pad* | I1: Phantom* | J1: Mute | K1: Fader Level | L1: HPF On | M1: HPF Value | N1: Main Mix | P1: =CONCATENATE("Grp1 - ",Groups!P2) -> Grp1 - Grp1 | Q1: =CONCATENATE("Grp2 - ",Groups!P3) -> Grp2 - Grp2 | R1: =CONCATENATE("Grp3 - ",Groups!P4) -> Grp3 - Grp3 | S1: =CONCATENATE("Grp4 - ",Groups!P5) -> Grp4 - Grp4 | T1: =CONCATENATE("Grp5 - ",Groups!P6) -> Grp5 - Grp5 | U1: =CONCATENATE("Grp6 - ",Groups!P7) -> Grp6 - Grp6 | V1: =CONCATENATE("Grp7 - ",Groups!P8) -> Grp7 - Grp7 | W1: =CONCATENATE("Grp8 - ",Groups!$P9) -> Grp8 - Grp8 | Y1: =CONCATENATE("StGrp1 - ",Groups!U2) -> StGrp1 - StGrp1 | Z1: =CONCATENATE("StGrp2 - ",Groups!U3) -> StGrp2 - StGrp2 | AA1: =CONCATENATE("StGrp3 - ",Groups!U4) -> StGrp3 - StGrp3 | AB1: =CONCATENATE("StGrp4 - ",Groups!U5) -> StGrp4 - StGrp4 | AC1: =CONCATENATE("StGrp5 - ",Groups!U6) -> StGrp5 - StGrp5 | AD1: =CONCATENATE("StGrp6 - ",Groups!U7) -> StGrp6 - StGrp6 | AE1: =CONCATENATE("StGrp7 - ",Groups!U8) -> StGrp7 - StGrp7 | AF1: =CONCATENATE("StGrp8 - ",Groups!U9) -> StGrp8 - StGrp8 | AH1: Recording | AI1: Record Arm | AK1: =CONCATENATE("DCA1 - ",Groups!B2) -> DCA1 - Dca1 | AL1: =CONCATENATE("DCA2 - ",Groups!B3) -> DCA2 - Dca2 | AM1: =CONCATENATE("DCA3 - ",Groups!B4) -> DCA3 - Dca3 | AN1: =CONCATENATE("DCA4 - ",Groups!B5) -> DCA4 - Dca4 | AO1: =CONCATENATE("DCA5 - ",Groups!B6) -> DCA5 - Dca5 | AP1: =CONCATENATE("DCA6 - ",Groups!B7) -> DCA6 - Dca6 | AQ1: =CONCATENATE("DCA7 - ",Groups!B8) -> DCA7 - Dca7 | AR1: =CONCATENATE("DCA8 - ",Groups!B9) -> DCA8 - Dca8 | AS1: =CONCATENATE("DCA9 - ",Groups!B10) -> DCA9 - Dca9 | AT1: =CONCATENATE("DCA10 - ",Groups!B11) -> DCA10 - Dca10 | AU1: =CONCATENATE("DCA11 - ",Groups!B12) -> DCA11 - Dca11 | AV1: =CONCATENATE("DCA12 - ",Groups!B13) -> DCA12 - Dca12 | AW1: =CONCATENATE("DCA13 - ",Groups!B14) -> DCA13 - Dca13 | AX1: =CONCATENATE("DCA14 - ",Groups!B15) -> DCA14 - Dca14 | AY1: =CONCATENATE("DCA15 - ",Groups!B16) -> DCA15 - Dca15 | AZ1: =CONCATENATE("DCA16 - ",Groups!B17) -> DCA16 - Dca16 | BA1: =CONCATENATE("DCA17 - ",Groups!B18) -> DCA17 - | BB1: =CONCATENATE("DCA18 - ",Groups!B19) -> DCA18 - | BC1: =CONCATENATE("DCA19 - ",Groups!B20) -> DCA19 - | BD1: =CONCATENATE("DCA20 - ",Groups!B21) -> DCA20 - | BE1: =CONCATENATE("DCA21 - ",Groups!B22) -> DCA21 - | BF1: =CONCATENATE("DCA22 - ",Groups!B23) -> DCA22 - | BG1: =CONCATENATE("DCA23 - ",Groups!B24) -> DCA23 - | BH1: =CONCATENATE("DCA24 - ",Groups!B25) -> DCA24 - | BJ1: Mute1 | BK1: Mute2 | BL1: Mute3 | BM1: Mute4 | BN1: Mute5 | BO1: Mute6 | BP1: Mute7 | BQ1: Mute8 | BS1: DCA1 | BT1: DCA2 | BU1: DCA3 | BV1: DCA4 | BW1: DCA5 | BX1: DCA6 | BY1: DCA7 | BZ1: DCA8 | CA1: DCA9 | CB1: DCA10 | CC1: DCA11 | CD1: DCA12 | CE1: DCA13 | CF1: DCA14 | CG1: DCA15 | CH1: DCA16 | CI1: DCA17 | CJ1: DCA18 | CK1: DCA19 | CL1: DCA20 | CM1: DCA21 | CN1: DCA22 | CO1: DCA23 | CP1: DCA24 | CR1: Grp1 | CS1: Grp2 | CT1: Grp3 | CU1: Grp4 | CV1: Grp5 | CW1: Grp6 | CX1: Grp7 | CY1: Grp8 | CZ1: Grp9 | DA1: Grp10 | DB1: Grp11 | DC1: Grp12 | DE1: StGrp1 | DF1: StGrp2 | DG1: StGrp3 | DH1: StGrp4 | DI1: StGrp5 | DJ1: StGrp6 | DK1: StGrp7 | DL1: StGrp8 | DM1: StGrp9 | DN1: StGrp10 | DO1: StGrp11 | DP1: StGrp12 | DQ1: Hidden Helper Cells – Please dont touch
A2: yes | B2: 1 | C2: TST001 | D2: blue | E2: SLink | F2: 1 | G2: 5 | H2: no | I2: no | J2: yes | K2: - | M2: 20 | N2: yes | P2: x | Y2: - | Z2: - | AA2: - | AB2: - | AC2: - | AD2: - | AE2: - | AF2: - | AH2: yes | AI2: yes | AK2: x | BJ2: - | BK2: - | BL2: - | BM2: - | BN2: - | BO2: - | BP2: - | BQ2: - | BS2: =IF(AK2="x","x",IF(AK2="-","-","")) -> x | BT2: =IF(AL2="x","x",IF(AL2="-","-","")) | BU2: =IF(AM2="x","x",IF(AM2="-","-","")) | BV2: =IF(AN2="x","x",IF(AN2="-","-","")) | BW2: =IF(AO2="x","x",IF(AO2="-","-","")) | BX2: =IF(AP2="x","x",IF(AP2="-","-","")) | BY2: =IF(AQ2="x","x",IF(AQ2="-","-","")) | BZ2: =IF(AR2="x","x",IF(AR2="-","-","")) | ... CP2: =IF(BH2="x","x",IF(BH2="-","-","")) | CR2: =IF(P2="x","x",IF(P2="-","-","")) -> x | CS2: =IF(Q2="x","x",IF(Q2="-","-","")) | CT2: =IF(R2="x","x",IF(R2="-","-","")) | CU2: =IF(S2="x","x",IF(S2="-","-","")) | CV2: =IF(T2="x","x",IF(T2="-","-","")) | CW2: =IF(U2="x","x",IF(U2="-","-","")) | CX2: =IF(V2="x","x",IF(V2="-","-","")) | CY2: =IF(W2="x","x",IF(W2="-","-","")) | CZ2: - | DA2: - | DB2: - | DC2: - | DE2: =IF(Y2="x","x",IF(Y2="-","-","")) -> - | DF2: =IF(Z2="x","x",IF(Z2="-","-","")) -> - | DG2: =IF(AA2="x","x",IF(AA2="-","-","")) -> - | DH2: =IF(AB2="x","x",IF(AB2="-","-","")) -> - | DI2: =IF(AC2="x","x",IF(AC2="-","-","")) -> - | DJ2: =IF(AD2="x","x",IF(AD2="-","-","")) -> - | DK2: =IF(AE2="x","x",IF(AE2="-","-","")) -> - | DL2: =IF(AF2="x","x",IF(AF2="-","-","")) -> - | DM2: - | DN2: - | DO2: - | DP2: -
A3: yes | B3: 2 | C3: TST002 | D3: blue | E3: SLink | F3: 2 | G3: 10 | H3: no | I3: yes | J3: no | L3: - | M3: 40 | N3: yes | Q3: x | Y3: - | Z3: - | AA3: - | AB3: - | AC3: - | AD3: - | AE3: - | AF3: - | AH3: yes | AI3: yes | AK3: x | BJ3: - | BK3: - | BL3: - | BM3: - | BN3: - | BO3: - | BP3: - | BQ3: - | BS3: =IF(AK3="x","x",IF(AK3="-","-","")) -> x | BT3: =IF(AL3="x","x",IF(AL3="-","-","")) | BU3: =IF(AM3="x","x",IF(AM3="-","-","")) | BV3: =IF(AN3="x","x",IF(AN3="-","-","")) | BW3: =IF(AO3="x","x",IF(AO3="-","-","")) | BX3: =IF(AP3="x","x",IF(AP3="-","-","")) | BY3: =IF(AQ3="x","x",IF(AQ3="-","-","")) | BZ3: =IF(AR3="x","x",IF(AR3="-","-","")) | ... CP3: =IF(BH3="x","x",IF(BH3="-","-","")) | CR3: =IF(P3="x","x",IF(P3="-","-","")) | CS3: =IF(Q3="x","x",IF(Q3="-","-","")) -> x | CT3: =IF(R3="x","x",IF(R3="-","-","")) | CU3: =IF(S3="x","x",IF(S3="-","-","")) | CV3: =IF(T3="x","x",IF(T3="-","-","")) | CW3: =IF(U3="x","x",IF(U3="-","-","")) | CX3: =IF(V3="x","x",IF(V3="-","-","")) | CY3: =IF(W3="x","x",IF(W3="-","-","")) | CZ3: - | DA3: - | DB3: - | DC3: - | DE3: =IF(Y3="x","x",IF(Y3="-","-","")) -> - | DF3: =IF(Z3="x","x",IF(Z3="-","-","")) -> - | DG3: =IF(AA3="x","x",IF(AA3="-","-","")) -> - | DH3: =IF(AB3="x","x",IF(AB3="-","-","")) -> - | DI3: =IF(AC3="x","x",IF(AC3="-","-","")) -> - | DJ3: =IF(AD3="x","x",IF(AD3="-","-","")) -> - | DK3: =IF(AE3="x","x",IF(AE3="-","-","")) -> - | DL3: =IF(AF3="x","x",IF(AF3="-","-","")) -> - | DM3: - | DN3: - | DO3: - | DP3: -
A4: yes | B4: 3 | C4: TST003 | D4: blue | E4: SLink | F4: 3 | G4: 15 | H4: no | I4: no | J4: yes | K4: - | L4: yes | M4: 60 | N4: yes | R4: x | Y4: - | Z4: - | AA4: - | AB4: - | AC4: - | AD4: - | AE4: - | AF4: - | AH4: yes | AI4: yes | AK4: x | BJ4: - | BK4: - | BL4: - | BM4: - | BN4: - | BO4: - | BP4: - | BQ4: - | BS4: =IF(AK4="x","x",IF(AK4="-","-","")) -> x | BT4: =IF(AL4="x","x",IF(AL4="-","-","")) | BU4: =IF(AM4="x","x",IF(AM4="-","-","")) | BV4: =IF(AN4="x","x",IF(AN4="-","-","")) | BW4: =IF(AO4="x","x",IF(AO4="-","-","")) | BX4: =IF(AP4="x","x",IF(AP4="-","-","")) | BY4: =IF(AQ4="x","x",IF(AQ4="-","-","")) | BZ4: =IF(AR4="x","x",IF(AR4="-","-","")) | ... CP4: =IF(BH4="x","x",IF(BH4="-","-","")) | CR4: =IF(P4="x","x",IF(P4="-","-","")) | CS4: =IF(Q4="x","x",IF(Q4="-","-","")) | CT4: =IF(R4="x","x",IF(R4="-","-","")) -> x | CU4: =IF(S4="x","x",IF(S4="-","-","")) | CV4: =IF(T4="x","x",IF(T4="-","-","")) | CW4: =IF(U4="x","x",IF(U4="-","-","")) | CX4: =IF(V4="x","x",IF(V4="-","-","")) | CY4: =IF(W4="x","x",IF(W4="-","-","")) | CZ4: - | DA4: - | DB4: - | DC4: - | DE4: =IF(Y4="x","x",IF(Y4="-","-","")) -> - | DF4: =IF(Z4="x","x",IF(Z4="-","-","")) -> - | DG4: =IF(AA4="x","x",IF(AA4="-","-","")) -> - | DH4: =IF(AB4="x","x",IF(AB4="-","-","")) -> - | DI4: =IF(AC4="x","x",IF(AC4="-","-","")) -> - | DJ4: =IF(AD4="x","x",IF(AD4="-","-","")) -> - | DK4: =IF(AE4="x","x",IF(AE4="-","-","")) -> - | DL4: =IF(AF4="x","x",IF(AF4="-","-","")) -> - | DM4: - | DN4: - | DO4: - | DP4: -
A5: yes | B5: 4 | C5: TST004 | D5: blue | E5: SLink | F5: 4 | G5: 20 | H5: no | I5: yes | J5: no | L5: no | M5: 80 | N5: yes | S5: x | Y5: - | Z5: - | AA5: - | AB5: - | AC5: - | AD5: - | AE5: - | AF5: - | AH5: yes | AI5: yes | AK5: x | BJ5: - | BK5: - | BL5: - | BM5: - | BN5: - | BO5: - | BP5: - | BQ5: - | BS5: =IF(AK5="x","x",IF(AK5="-","-","")) -> x | BT5: =IF(AL5="x","x",IF(AL5="-","-","")) | BU5: =IF(AM5="x","x",IF(AM5="-","-","")) | BV5: =IF(AN5="x","x",IF(AN5="-","-","")) | BW5: =IF(AO5="x","x",IF(AO5="-","-","")) | BX5: =IF(AP5="x","x",IF(AP5="-","-","")) | BY5: =IF(AQ5="x","x",IF(AQ5="-","-","")) | BZ5: =IF(AR5="x","x",IF(AR5="-","-","")) | ... CP5: =IF(BH5="x","x",IF(BH5="-","-","")) | CR5: =IF(P5="x","x",IF(P5="-","-","")) | CS5: =IF(Q5="x","x",IF(Q5="-","-","")) | CT5: =IF(R5="x","x",IF(R5="-","-","")) | CU5: =IF(S5="x","x",IF(S5="-","-","")) -> x | CV5: =IF(T5="x","x",IF(T5="-","-","")) | CW5: =IF(U5="x","x",IF(U5="-","-","")) | CX5: =IF(V5="x","x",IF(V5="-","-","")) | CY5: =IF(W5="x","x",IF(W5="-","-","")) | CZ5: - | DA5: - | DB5: - | DC5: - | DE5: =IF(Y5="x","x",IF(Y5="-","-","")) -> - | DF5: =IF(Z5="x","x",IF(Z5="-","-","")) -> - | DG5: =IF(AA5="x","x",IF(AA5="-","-","")) -> - | DH5: =IF(AB5="x","x",IF(AB5="-","-","")) -> - | DI5: =IF(AC5="x","x",IF(AC5="-","-","")) -> - | DJ5: =IF(AD5="x","x",IF(AD5="-","-","")) -> - | DK5: =IF(AE5="x","x",IF(AE5="-","-","")) -> - | DL5: =IF(AF5="x","x",IF(AF5="-","-","")) -> - | DM5: - | DN5: - | DO5: - | DP5: -
A6: yes | B6: 5 | C6: TST005 | D6: blue | E6: SLink | F6: 5 | G6: 25 | H6: no | I6: no | J6: yes | K6: - | L6: yes | M6: 100 | N6: yes | T6: x | Y6: - | Z6: - | AA6: - | AB6: - | AC6: - | AD6: - | AE6: - | AF6: - | AH6: yes | AI6: yes | AK6: x | BJ6: - | BK6: - | BL6: - | BM6: - | BN6: - | BO6: - | BP6: - | BQ6: - | BS6: =IF(AK6="x","x",IF(AK6="-","-","")) -> x | BT6: =IF(AL6="x","x",IF(AL6="-","-","")) | BU6: =IF(AM6="x","x",IF(AM6="-","-","")) | BV6: =IF(AN6="x","x",IF(AN6="-","-","")) | BW6: =IF(AO6="x","x",IF(AO6="-","-","")) | BX6: =IF(AP6="x","x",IF(AP6="-","-","")) | BY6: =IF(AQ6="x","x",IF(AQ6="-","-","")) | BZ6: =IF(AR6="x","x",IF(AR6="-","-","")) | ... CP6: =IF(BH6="x","x",IF(BH6="-","-","")) | CR6: =IF(P6="x","x",IF(P6="-","-","")) | CS6: =IF(Q6="x","x",IF(Q6="-","-","")) | CT6: =IF(R6="x","x",IF(R6="-","-","")) | CU6: =IF(S6="x","x",IF(S6="-","-","")) | CV6: =IF(T6="x","x",IF(T6="-","-","")) -> x | CW6: =IF(U6="x","x",IF(U6="-","-","")) | CX6: =IF(V6="x","x",IF(V6="-","-","")) | CY6: =IF(W6="x","x",IF(W6="-","-","")) | CZ6: - | DA6: - | DB6: - | DC6: - | DE6: =IF(Y6="x","x",IF(Y6="-","-","")) -> - | DF6: =IF(Z6="x","x",IF(Z6="-","-","")) -> - | DG6: =IF(AA6="x","x",IF(AA6="-","-","")) -> - | DH6: =IF(AB6="x","x",IF(AB6="-","-","")) -> - | DI6: =IF(AC6="x","x",IF(AC6="-","-","")) -> - | DJ6: =IF(AD6="x","x",IF(AD6="-","-","")) -> - | DK6: =IF(AE6="x","x",IF(AE6="-","-","")) -> - | DL6: =IF(AF6="x","x",IF(AF6="-","-","")) -> - | DM6: - | DN6: - | DO6: - | DP6: -
A7: yes | B7: 6 | C7: TST006 | D7: blue | E7: SLink | F7: 6 | G7: 30 | H7: no | I7: yes | J7: no | L7: no | M7: 120 | N7: yes | U7: x | Y7: - | Z7: - | AA7: - | AB7: - | AC7: - | AD7: - | AE7: - | AF7: - | AH7: yes | AI7: yes | AK7: x | BJ7: - | BK7: - | BL7: - | BM7: - | BN7: - | BO7: - | BP7: - | BQ7: - | BS7: =IF(AK7="x","x",IF(AK7="-","-","")) -> x | BT7: =IF(AL7="x","x",IF(AL7="-","-","")) | BU7: =IF(AM7="x","x",IF(AM7="-","-","")) | BV7: =IF(AN7="x","x",IF(AN7="-","-","")) | BW7: =IF(AO7="x","x",IF(AO7="-","-","")) | BX7: =IF(AP7="x","x",IF(AP7="-","-","")) | BY7: =IF(AQ7="x","x",IF(AQ7="-","-","")) | BZ7: =IF(AR7="x","x",IF(AR7="-","-","")) | ... CP7: =IF(BH7="x","x",IF(BH7="-","-","")) | CR7: =IF(P7="x","x",IF(P7="-","-","")) | CS7: =IF(Q7="x","x",IF(Q7="-","-","")) | CT7: =IF(R7="x","x",IF(R7="-","-","")) | CU7: =IF(S7="x","x",IF(S7="-","-","")) | CV7: =IF(T7="x","x",IF(T7="-","-","")) | CW7: =IF(U7="x","x",IF(U7="-","-","")) -> x | CX7: =IF(V7="x","x",IF(V7="-","-","")) | CY7: =IF(W7="x","x",IF(W7="-","-","")) | CZ7: - | DA7: - | DB7: - | DC7: - | DE7: =IF(Y7="x","x",IF(Y7="-","-","")) -> - | DF7: =IF(Z7="x","x",IF(Z7="-","-","")) -> - | DG7: =IF(AA7="x","x",IF(AA7="-","-","")) -> - | DH7: =IF(AB7="x","x",IF(AB7="-","-","")) -> - | DI7: =IF(AC7="x","x",IF(AC7="-","-","")) -> - | DJ7: =IF(AD7="x","x",IF(AD7="-","-","")) -> - | DK7: =IF(AE7="x","x",IF(AE7="-","-","")) -> - | DL7: =IF(AF7="x","x",IF(AF7="-","-","")) -> - | DM7: - | DN7: - | DO7: - | DP7: -
A8: yes | B8: 7 | C8: TST007 | D8: blue | E8: SLink | F8: 7 | G8: 35 | H8: no | I8: no | J8: yes | K8: - | L8: yes | M8: 140 | N8: yes | V8: x | Y8: - | Z8: - | AA8: - | AB8: - | AC8: - | AD8: - | AE8: - | AF8: - | AH8: yes | AI8: yes | AK8: x | BJ8: - | BK8: - | BL8: - | BM8: - | BN8: - | BO8: - | BP8: - | BQ8: - | BS8: =IF(AK8="x","x",IF(AK8="-","-","")) -> x | BT8: =IF(AL8="x","x",IF(AL8="-","-","")) | BU8: =IF(AM8="x","x",IF(AM8="-","-","")) | BV8: =IF(AN8="x","x",IF(AN8="-","-","")) | BW8: =IF(AO8="x","x",IF(AO8="-","-","")) | BX8: =IF(AP8="x","x",IF(AP8="-","-","")) | BY8: =IF(AQ8="x","x",IF(AQ8="-","-","")) | BZ8: =IF(AR8="x","x",IF(AR8="-","-","")) | ... CP8: =IF(BH8="x","x",IF(BH8="-","-","")) | CR8: =IF(P8="x","x",IF(P8="-","-","")) | CS8: =IF(Q8="x","x",IF(Q8="-","-","")) | CT8: =IF(R8="x","x",IF(R8="-","-","")) | CU8: =IF(S8="x","x",IF(S8="-","-","")) | CV8: =IF(T8="x","x",IF(T8="-","-","")) | CW8: =IF(U8="x","x",IF(U8="-","-","")) | CX8: =IF(V8="x","x",IF(V8="-","-","")) -> x | CY8: =IF(W8="x","x",IF(W8="-","-","")) | CZ8: - | DA8: - | DB8: - | DC8: - | DE8: =IF(Y8="x","x",IF(Y8="-","-","")) -> - | DF8: =IF(Z8="x","x",IF(Z8="-","-","")) -> - | DG8: =IF(AA8="x","x",IF(AA8="-","-","")) -> - | DH8: =IF(AB8="x","x",IF(AB8="-","-","")) -> - | DI8: =IF(AC8="x","x",IF(AC8="-","-","")) -> - | DJ8: =IF(AD8="x","x",IF(AD8="-","-","")) -> - | DK8: =IF(AE8="x","x",IF(AE8="-","-","")) -> - | DL8: =IF(AF8="x","x",IF(AF8="-","-","")) -> - | DM8: - | DN8: - | DO8: - | DP8: -
A9: yes | B9: 8 | C9: TST008 | D9: blue | E9: SLink | F9: 8 | G9: 40 | H9: no | I9: yes | J9: no | L9: no | M9: 160 | N9: yes | W9: x | Y9: - | Z9: - | AA9: - | AB9: - | AC9: - | AD9: - | AE9: - | AF9: - | AH9: yes | AI9: yes | AK9: x | BJ9: - | BK9: - | BL9: - | BM9: - | BN9: - | BO9: - | BP9: - | BQ9: - | BS9: =IF(AK9="x","x",IF(AK9="-","-","")) -> x | BT9: =IF(AL9="x","x",IF(AL9="-","-","")) | BU9: =IF(AM9="x","x",IF(AM9="-","-","")) | BV9: =IF(AN9="x","x",IF(AN9="-","-","")) | BW9: =IF(AO9="x","x",IF(AO9="-","-","")) | BX9: =IF(AP9="x","x",IF(AP9="-","-","")) | BY9: =IF(AQ9="x","x",IF(AQ9="-","-","")) | BZ9: =IF(AR9="x","x",IF(AR9="-","-","")) | ... CP9: =IF(BH9="x","x",IF(BH9="-","-","")) | CR9: =IF(P9="x","x",IF(P9="-","-","")) | CS9: =IF(Q9="x","x",IF(Q9="-","-","")) | CT9: =IF(R9="x","x",IF(R9="-","-","")) | CU9: =IF(S9="x","x",IF(S9="-","-","")) | CV9: =IF(T9="x","x",IF(T9="-","-","")) | CW9: =IF(U9="x","x",IF(U9="-","-","")) | CX9: =IF(V9="x","x",IF(V9="-","-","")) | CY9: =IF(W9="x","x",IF(W9="-","-","")) -> x | CZ9: - | DA9: - | DB9: - | DC9: - | DE9: =IF(Y9="x","x",IF(Y9="-","-","")) -> - | DF9: =IF(Z9="x","x",IF(Z9="-","-","")) -> - | DG9: =IF(AA9="x","x",IF(AA9="-","-","")) -> - | DH9: =IF(AB9="x","x",IF(AB9="-","-","")) -> - | DI9: =IF(AC9="x","x",IF(AC9="-","-","")) -> - | DJ9: =IF(AD9="x","x",IF(AD9="-","-","")) -> - | DK9: =IF(AE9="x","x",IF(AE9="-","-","")) -> - | DL9: =IF(AF9="x","x",IF(AF9="-","-","")) -> - | DM9: - | DN9: - | DO9: - | DP9: -
A10: yes | B10: 9 | C10: TST009 | D10: blue | E10: SLink | F10: 9 | G10: 45 | H10: no | I10: no | J10: yes | K10: - | L10: yes | M10: 180 | N10: yes | P10: - | Q10: - | R10: - | S10: - | T10: - | U10: - | V10: - | W10: - | Y10: - | Z10: - | AA10: - | AB10: - | AC10: - | AD10: - | AE10: - | AF10: - | AH10: yes | AI10: yes | AK10: x | BJ10: - | BK10: - | BL10: - | BM10: - | BN10: - | BO10: - | BP10: - | BQ10: - | BS10: =IF(AK10="x","x",IF(AK10="-","-","")) -> x | BT10: =IF(AL10="x","x",IF(AL10="-","-","")) | BU10: =IF(AM10="x","x",IF(AM10="-","-","")) | BV10: =IF(AN10="x","x",IF(AN10="-","-","")) | BW10: =IF(AO10="x","x",IF(AO10="-","-","")) | BX10: =IF(AP10="x","x",IF(AP10="-","-","")) | BY10: =IF(AQ10="x","x",IF(AQ10="-","-","")) | BZ10: =IF(AR10="x","x",IF(AR10="-","-","")) | ... CP10: =IF(BH10="x","x",IF(BH10="-","-","")) | CR10: =IF(P10="x","x",IF(P10="-","-","")) -> - | CS10: =IF(Q10="x","x",IF(Q10="-","-","")) -> - | CT10: =IF(R10="x","x",IF(R10="-","-","")) -> - | CU10: =IF(S10="x","x",IF(S10="-","-","")) -> - | CV10: =IF(T10="x","x",IF(T10="-","-","")) -> - | CW10: =IF(U10="x","x",IF(U10="-","-","")) -> - | CX10: =IF(V10="x","x",IF(V10="-","-","")) -> - | CY10: =IF(W10="x","x",IF(W10="-","-","")) -> - | CZ10: - | DA10: - | DB10: - | DC10: - | DE10: =IF(Y10="x","x",IF(Y10="-","-","")) -> - | DF10: =IF(Z10="x","x",IF(Z10="-","-","")) -> - | DG10: =IF(AA10="x","x",IF(AA10="-","-","")) -> - | DH10: =IF(AB10="x","x",IF(AB10="-","-","")) -> - | DI10: =IF(AC10="x","x",IF(AC10="-","-","")) -> - | DJ10: =IF(AD10="x","x",IF(AD10="-","-","")) -> - | DK10: =IF(AE10="x","x",IF(AE10="-","-","")) -> - | DL10: =IF(AF10="x","x",IF(AF10="-","-","")) -> - | DM10: - | DN10: - | DO10: - | DP10: -
A11: yes | B11: 10 | C11: TST010 | D11: blue | E11: SLink | F11: 10 | G11: 50 | H11: no | I11: yes | J11: no | L11: no | M11: 200 | N11: yes | P11: - | Q11: - | R11: - | S11: - | T11: - | U11: - | V11: - | W11: - | Y11: - | Z11: - | AA11: - | AB11: - | AC11: - | AD11: - | AE11: - | AF11: - | AH11: yes | AI11: yes | AK11: x | BJ11: - | BK11: - | BL11: - | BM11: - | BN11: - | BO11: - | BP11: - | BQ11: - | BS11: =IF(AK11="x","x",IF(AK11="-","-","")) -> x | BT11: =IF(AL11="x","x",IF(AL11="-","-","")) | BU11: =IF(AM11="x","x",IF(AM11="-","-","")) | BV11: =IF(AN11="x","x",IF(AN11="-","-","")) | BW11: =IF(AO11="x","x",IF(AO11="-","-","")) | BX11: =IF(AP11="x","x",IF(AP11="-","-","")) | BY11: =IF(AQ11="x","x",IF(AQ11="-","-","")) | BZ11: =IF(AR11="x","x",IF(AR11="-","-","")) | ... CP11: =IF(BH11="x","x",IF(BH11="-","-","")) | CR11: =IF(P11="x","x",IF(P11="-","-","")) -> - | CS11: =IF(Q11="x","x",IF(Q11="-","-","")) -> - | CT11: =IF(R11="x","x",IF(R11="-","-","")) -> - | CU11: =IF(S11="x","x",IF(S11="-","-","")) -> - | CV11: =IF(T11="x","x",IF(T11="-","-","")) -> - | CW11: =IF(U11="x","x",IF(U11="-","-","")) -> - | CX11: =IF(V11="x","x",IF(V11="-","-","")) -> - | CY11: =IF(W11="x","x",IF(W11="-","-","")) -> - | CZ11: - | DA11: - | DB11: - | DC11: - | DE11: =IF(Y11="x","x",IF(Y11="-","-","")) -> - | DF11: =IF(Z11="x","x",IF(Z11="-","-","")) -> - | DG11: =IF(AA11="x","x",IF(AA11="-","-","")) -> - | DH11: =IF(AB11="x","x",IF(AB11="-","-","")) -> - | DI11: =IF(AC11="x","x",IF(AC11="-","-","")) -> - | DJ11: =IF(AD11="x","x",IF(AD11="-","-","")) -> - | DK11: =IF(AE11="x","x",IF(AE11="-","-","")) -> - | DL11: =IF(AF11="x","x",IF(AF11="-","-","")) -> - | DM11: - | DN11: - | DO11: - | DP11: -
A12: yes | B12: 11 | C12: TST011 | D12: blue | E12: SLink | F12: 11 | G12: 55 | H12: no | I12: no | J12: yes | K12: - | L12: yes | M12: 220 | N12: yes | P12: - | Q12: - | R12: - | S12: - | T12: - | U12: - | V12: - | W12: - | Y12: - | Z12: - | AA12: - | AB12: - | AC12: - | AD12: - | AE12: - | AF12: - | AH12: yes | AI12: yes | AK12: x | BJ12: - | BK12: - | BL12: - | BM12: - | BN12: - | BO12: - | BP12: - | BQ12: - | BS12: =IF(AK12="x","x",IF(AK12="-","-","")) -> x | BT12: =IF(AL12="x","x",IF(AL12="-","-","")) | BU12: =IF(AM12="x","x",IF(AM12="-","-","")) | BV12: =IF(AN12="x","x",IF(AN12="-","-","")) | BW12: =IF(AO12="x","x",IF(AO12="-","-","")) | BX12: =IF(AP12="x","x",IF(AP12="-","-","")) | BY12: =IF(AQ12="x","x",IF(AQ12="-","-","")) | BZ12: =IF(AR12="x","x",IF(AR12="-","-","")) | ... CP12: =IF(BH12="x","x",IF(BH12="-","-","")) | CR12: =IF(P12="x","x",IF(P12="-","-","")) -> - | CS12: =IF(Q12="x","x",IF(Q12="-","-","")) -> - | CT12: =IF(R12="x","x",IF(R12="-","-","")) -> - | CU12: =IF(S12="x","x",IF(S12="-","-","")) -> - | CV12: =IF(T12="x","x",IF(T12="-","-","")) -> - | CW12: =IF(U12="x","x",IF(U12="-","-","")) -> - | CX12: =IF(V12="x","x",IF(V12="-","-","")) -> - | CY12: =IF(W12="x","x",IF(W12="-","-","")) -> - | CZ12: - | DA12: - | DB12: - | DC12: - | DE12: =IF(Y12="x","x",IF(Y12="-","-","")) -> - | DF12: =IF(Z12="x","x",IF(Z12="-","-","")) -> - | DG12: =IF(AA12="x","x",IF(AA12="-","-","")) -> - | DH12: =IF(AB12="x","x",IF(AB12="-","-","")) -> - | DI12: =IF(AC12="x","x",IF(AC12="-","-","")) -> - | DJ12: =IF(AD12="x","x",IF(AD12="-","-","")) -> - | DK12: =IF(AE12="x","x",IF(AE12="-","-","")) -> - | DL12: =IF(AF12="x","x",IF(AF12="-","-","")) -> - | DM12: - | DN12: - | DO12: - | DP12: -
A13: yes | B13: 12 | C13: TST012 | D13: blue | E13: SLink | F13: 12 | G13: 60 | H13: no | I13: yes | J13: no | L13: no | M13: 240 | N13: yes | P13: - | Q13: - | R13: - | S13: - | T13: - | U13: - | V13: - | W13: - | Y13: - | Z13: - | AA13: - | AB13: - | AC13: - | AD13: - | AE13: - | AF13: - | AH13: yes | AI13: yes | AK13: x | BJ13: - | BK13: - | BL13: - | BM13: - | BN13: - | BO13: - | BP13: - | BQ13: - | BS13: =IF(AK13="x","x",IF(AK13="-","-","")) -> x | BT13: =IF(AL13="x","x",IF(AL13="-","-","")) | BU13: =IF(AM13="x","x",IF(AM13="-","-","")) | BV13: =IF(AN13="x","x",IF(AN13="-","-","")) | BW13: =IF(AO13="x","x",IF(AO13="-","-","")) | BX13: =IF(AP13="x","x",IF(AP13="-","-","")) | BY13: =IF(AQ13="x","x",IF(AQ13="-","-","")) | BZ13: =IF(AR13="x","x",IF(AR13="-","-","")) | ... CP13: =IF(BH13="x","x",IF(BH13="-","-","")) | CR13: =IF(P13="x","x",IF(P13="-","-","")) -> - | CS13: =IF(Q13="x","x",IF(Q13="-","-","")) -> - | CT13: =IF(R13="x","x",IF(R13="-","-","")) -> - | CU13: =IF(S13="x","x",IF(S13="-","-","")) -> - | CV13: =IF(T13="x","x",IF(T13="-","-","")) -> - | CW13: =IF(U13="x","x",IF(U13="-","-","")) -> - | CX13: =IF(V13="x","x",IF(V13="-","-","")) -> - | CY13: =IF(W13="x","x",IF(W13="-","-","")) -> - | CZ13: - | DA13: - | DB13: - | DC13: - | DE13: =IF(Y13="x","x",IF(Y13="-","-","")) -> - | DF13: =IF(Z13="x","x",IF(Z13="-","-","")) -> - | DG13: =IF(AA13="x","x",IF(AA13="-","-","")) -> - | DH13: =IF(AB13="x","x",IF(AB13="-","-","")) -> - | DI13: =IF(AC13="x","x",IF(AC13="-","-","")) -> - | DJ13: =IF(AD13="x","x",IF(AD13="-","-","")) -> - | DK13: =IF(AE13="x","x",IF(AE13="-","-","")) -> - | DL13: =IF(AF13="x","x",IF(AF13="-","-","")) -> - | DM13: - | DN13: - | DO13: - | DP13: -
A14: yes | B14: 13 | C14: TST013 | D14: red | E14: SLink | F14: 13 | J14: yes | K14: 10 | L14: yes | M14: 260 | N14: no | P14: - | Q14: - | R14: - | S14: - | T14: - | U14: - | V14: - | W14: - | Y14: x | AH14: yes | AI14: yes | AL14: x | BJ14: - | BK14: - | BL14: - | BM14: - | BN14: - | BO14: - | BP14: - | BQ14: - | BS14: =IF(AK14="x","x",IF(AK14="-","-","")) | BT14: =IF(AL14="x","x",IF(AL14="-","-","")) -> x | BU14: =IF(AM14="x","x",IF(AM14="-","-","")) | BV14: =IF(AN14="x","x",IF(AN14="-","-","")) | BW14: =IF(AO14="x","x",IF(AO14="-","-","")) | BX14: =IF(AP14="x","x",IF(AP14="-","-","")) | BY14: =IF(AQ14="x","x",IF(AQ14="-","-","")) | BZ14: =IF(AR14="x","x",IF(AR14="-","-","")) | ... CP14: =IF(BH14="x","x",IF(BH14="-","-","")) | CR14: =IF(P14="x","x",IF(P14="-","-","")) -> - | CS14: =IF(Q14="x","x",IF(Q14="-","-","")) -> - | CT14: =IF(R14="x","x",IF(R14="-","-","")) -> - | CU14: =IF(S14="x","x",IF(S14="-","-","")) -> - | CV14: =IF(T14="x","x",IF(T14="-","-","")) -> - | CW14: =IF(U14="x","x",IF(U14="-","-","")) -> - | CX14: =IF(V14="x","x",IF(V14="-","-","")) -> - | CY14: =IF(W14="x","x",IF(W14="-","-","")) -> - | CZ14: - | DA14: - | DB14: - | DC14: - | DE14: =IF(Y14="x","x",IF(Y14="-","-","")) -> x | DF14: =IF(Z14="x","x",IF(Z14="-","-","")) | DG14: =IF(AA14="x","x",IF(AA14="-","-","")) | DH14: =IF(AB14="x","x",IF(AB14="-","-","")) | DI14: =IF(AC14="x","x",IF(AC14="-","-","")) | DJ14: =IF(AD14="x","x",IF(AD14="-","-","")) | DK14: =IF(AE14="x","x",IF(AE14="-","-","")) | DL14: =IF(AF14="x","x",IF(AF14="-","-","")) | DM14: - | DN14: - | DO14: - | DP14: -
A15: yes | B15: 14 | C15: TST014 | D15: red | E15: SLink | F15: 14 | G15: - | H15: - | I15: - | J15: no | K15: 5 | L15: no | M15: 280 | N15: no | P15: - | Q15: - | R15: - | S15: - | T15: - | U15: - | V15: - | W15: - | Z15: x | AH15: yes | AI15: yes | AL15: x | BJ15: - | BK15: - | BL15: - | BM15: - | BN15: - | BO15: - | BP15: - | BQ15: - | BS15: =IF(AK15="x","x",IF(AK15="-","-","")) | BT15: =IF(AL15="x","x",IF(AL15="-","-","")) -> x | BU15: =IF(AM15="x","x",IF(AM15="-","-","")) | BV15: =IF(AN15="x","x",IF(AN15="-","-","")) | BW15: =IF(AO15="x","x",IF(AO15="-","-","")) | BX15: =IF(AP15="x","x",IF(AP15="-","-","")) | BY15: =IF(AQ15="x","x",IF(AQ15="-","-","")) | BZ15: =IF(AR15="x","x",IF(AR15="-","-","")) | ... CP15: =IF(BH15="x","x",IF(BH15="-","-","")) | CR15: =IF(P15="x","x",IF(P15="-","-","")) -> - | CS15: =IF(Q15="x","x",IF(Q15="-","-","")) -> - | CT15: =IF(R15="x","x",IF(R15="-","-","")) -> - | CU15: =IF(S15="x","x",IF(S15="-","-","")) -> - | CV15: =IF(T15="x","x",IF(T15="-","-","")) -> - | CW15: =IF(U15="x","x",IF(U15="-","-","")) -> - | CX15: =IF(V15="x","x",IF(V15="-","-","")) -> - | CY15: =IF(W15="x","x",IF(W15="-","-","")) -> - | CZ15: - | DA15: - | DB15: - | DC15: - | DE15: =IF(Y15="x","x",IF(Y15="-","-","")) | DF15: =IF(Z15="x","x",IF(Z15="-","-","")) -> x | DG15: =IF(AA15="x","x",IF(AA15="-","-","")) | DH15: =IF(AB15="x","x",IF(AB15="-","-","")) | DI15: =IF(AC15="x","x",IF(AC15="-","-","")) | DJ15: =IF(AD15="x","x",IF(AD15="-","-","")) | DK15: =IF(AE15="x","x",IF(AE15="-","-","")) | DL15: =IF(AF15="x","x",IF(AF15="-","-","")) | DM15: - | DN15: - | DO15: - | DP15: -
A16: yes | B16: 15 | C16: TST015 | D16: red | E16: SLink | F16: 15 | G16: 5 | H16: yes | I16: no | J16: yes | K16: 0 | L16: yes | M16: 300 | N16: no | P16: - | Q16: - | R16: - | S16: - | T16: - | U16: - | V16: - | W16: - | AA16: x | AH16: yes | AI16: yes | AL16: x | BJ16: - | BK16: - | BL16: - | BM16: - | BN16: - | BO16: - | BP16: - | BQ16: - | BS16: =IF(AK16="x","x",IF(AK16="-","-","")) | BT16: =IF(AL16="x","x",IF(AL16="-","-","")) -> x | BU16: =IF(AM16="x","x",IF(AM16="-","-","")) | BV16: =IF(AN16="x","x",IF(AN16="-","-","")) | BW16: =IF(AO16="x","x",IF(AO16="-","-","")) | BX16: =IF(AP16="x","x",IF(AP16="-","-","")) | BY16: =IF(AQ16="x","x",IF(AQ16="-","-","")) | BZ16: =IF(AR16="x","x",IF(AR16="-","-","")) | ... CP16: =IF(BH16="x","x",IF(BH16="-","-","")) | CR16: =IF(P16="x","x",IF(P16="-","-","")) -> - | CS16: =IF(Q16="x","x",IF(Q16="-","-","")) -> - | CT16: =IF(R16="x","x",IF(R16="-","-","")) -> - | CU16: =IF(S16="x","x",IF(S16="-","-","")) -> - | CV16: =IF(T16="x","x",IF(T16="-","-","")) -> - | CW16: =IF(U16="x","x",IF(U16="-","-","")) -> - | CX16: =IF(V16="x","x",IF(V16="-","-","")) -> - | CY16: =IF(W16="x","x",IF(W16="-","-","")) -> - | CZ16: - | DA16: - | DB16: - | DC16: - | DE16: =IF(Y16="x","x",IF(Y16="-","-","")) | DF16: =IF(Z16="x","x",IF(Z16="-","-","")) | DG16: =IF(AA16="x","x",IF(AA16="-","-","")) -> x | DH16: =IF(AB16="x","x",IF(AB16="-","-","")) | DI16: =IF(AC16="x","x",IF(AC16="-","-","")) | DJ16: =IF(AD16="x","x",IF(AD16="-","-","")) | DK16: =IF(AE16="x","x",IF(AE16="-","-","")) | DL16: =IF(AF16="x","x",IF(AF16="-","-","")) | DM16: - | DN16: - | DO16: - | DP16: -
A17: yes | B17: 16 | C17: TST016 | D17: red | E17: SLink | F17: 16 | G17: 10 | H17: no | I17: yes | J17: no | K17: -5 | L17: no | M17: 320 | N17: no | P17: - | Q17: - | R17: - | S17: - | T17: - | U17: - | V17: - | W17: - | AB17: x | AH17: yes | AI17: yes | AL17: x | BJ17: - | BK17: - | BL17: - | BM17: - | BN17: - | BO17: - | BP17: - | BQ17: - | BS17: =IF(AK17="x","x",IF(AK17="-","-","")) | BT17: =IF(AL17="x","x",IF(AL17="-","-","")) -> x | BU17: =IF(AM17="x","x",IF(AM17="-","-","")) | BV17: =IF(AN17="x","x",IF(AN17="-","-","")) | BW17: =IF(AO17="x","x",IF(AO17="-","-","")) | BX17: =IF(AP17="x","x",IF(AP17="-","-","")) | BY17: =IF(AQ17="x","x",IF(AQ17="-","-","")) | BZ17: =IF(AR17="x","x",IF(AR17="-","-","")) | ... CP17: =IF(BH17="x","x",IF(BH17="-","-","")) | CR17: =IF(P17="x","x",IF(P17="-","-","")) -> - | CS17: =IF(Q17="x","x",IF(Q17="-","-","")) -> - | CT17: =IF(R17="x","x",IF(R17="-","-","")) -> - | CU17: =IF(S17="x","x",IF(S17="-","-","")) -> - | CV17: =IF(T17="x","x",IF(T17="-","-","")) -> - | CW17: =IF(U17="x","x",IF(U17="-","-","")) -> - | CX17: =IF(V17="x","x",IF(V17="-","-","")) -> - | CY17: =IF(W17="x","x",IF(W17="-","-","")) -> - | CZ17: - | DA17: - | DB17: - | DC17: - | DE17: =IF(Y17="x","x",IF(Y17="-","-","")) | DF17: =IF(Z17="x","x",IF(Z17="-","-","")) | DG17: =IF(AA17="x","x",IF(AA17="-","-","")) | DH17: =IF(AB17="x","x",IF(AB17="-","-","")) -> x | DI17: =IF(AC17="x","x",IF(AC17="-","-","")) | DJ17: =IF(AD17="x","x",IF(AD17="-","-","")) | DK17: =IF(AE17="x","x",IF(AE17="-","-","")) | DL17: =IF(AF17="x","x",IF(AF17="-","-","")) | DM17: - | DN17: - | DO17: - | DP17: -
A18: yes | B18: 17 | C18: TST017 | D18: red | E18: SLink | F18: 17 | G18: 15 | H18: yes | I18: no | J18: yes | K18: -10 | L18: yes | M18: 340 | N18: no | P18: - | Q18: - | R18: - | S18: - | T18: - | U18: - | V18: - | W18: - | AC18: x | AH18: yes | AI18: yes | AL18: x | BJ18: - | BK18: - | BL18: - | BM18: - | BN18: - | BO18: - | BP18: - | BQ18: - | BS18: =IF(AK18="x","x",IF(AK18="-","-","")) | BT18: =IF(AL18="x","x",IF(AL18="-","-","")) -> x | BU18: =IF(AM18="x","x",IF(AM18="-","-","")) | BV18: =IF(AN18="x","x",IF(AN18="-","-","")) | BW18: =IF(AO18="x","x",IF(AO18="-","-","")) | BX18: =IF(AP18="x","x",IF(AP18="-","-","")) | BY18: =IF(AQ18="x","x",IF(AQ18="-","-","")) | BZ18: =IF(AR18="x","x",IF(AR18="-","-","")) | ... CP18: =IF(BH18="x","x",IF(BH18="-","-","")) | CR18: =IF(P18="x","x",IF(P18="-","-","")) -> - | CS18: =IF(Q18="x","x",IF(Q18="-","-","")) -> - | CT18: =IF(R18="x","x",IF(R18="-","-","")) -> - | CU18: =IF(S18="x","x",IF(S18="-","-","")) -> - | CV18: =IF(T18="x","x",IF(T18="-","-","")) -> - | CW18: =IF(U18="x","x",IF(U18="-","-","")) -> - | CX18: =IF(V18="x","x",IF(V18="-","-","")) -> - | CY18: =IF(W18="x","x",IF(W18="-","-","")) -> - | CZ18: - | DA18: - | DB18: - | DC18: - | DE18: =IF(Y18="x","x",IF(Y18="-","-","")) | DF18: =IF(Z18="x","x",IF(Z18="-","-","")) | DG18: =IF(AA18="x","x",IF(AA18="-","-","")) | DH18: =IF(AB18="x","x",IF(AB18="-","-","")) | DI18: =IF(AC18="x","x",IF(AC18="-","-","")) -> x | DJ18: =IF(AD18="x","x",IF(AD18="-","-","")) | DK18: =IF(AE18="x","x",IF(AE18="-","-","")) | DL18: =IF(AF18="x","x",IF(AF18="-","-","")) | DM18: - | DN18: - | DO18: - | DP18: -
A19: yes | B19: 18 | C19: TST018 | D19: red | E19: SLink | F19: 18 | G19: 20 | H19: no | I19: yes | J19: no | K19: -15 | L19: no | M19: 360 | N19: no | P19: - | Q19: - | R19: - | S19: - | T19: - | U19: - | V19: - | W19: - | AD19: x | AH19: yes | AI19: yes | AL19: x | BJ19: - | BK19: - | BL19: - | BM19: - | BN19: - | BO19: - | BP19: - | BQ19: - | BS19: =IF(AK19="x","x",IF(AK19="-","-","")) | BT19: =IF(AL19="x","x",IF(AL19="-","-","")) -> x | BU19: =IF(AM19="x","x",IF(AM19="-","-","")) | BV19: =IF(AN19="x","x",IF(AN19="-","-","")) | BW19: =IF(AO19="x","x",IF(AO19="-","-","")) | BX19: =IF(AP19="x","x",IF(AP19="-","-","")) | BY19: =IF(AQ19="x","x",IF(AQ19="-","-","")) | BZ19: =IF(AR19="x","x",IF(AR19="-","-","")) | ... CP19: =IF(BH19="x","x",IF(BH19="-","-","")) | CR19: =IF(P19="x","x",IF(P19="-","-","")) -> - | CS19: =IF(Q19="x","x",IF(Q19="-","-","")) -> - | CT19: =IF(R19="x","x",IF(R19="-","-","")) -> - | CU19: =IF(S19="x","x",IF(S19="-","-","")) -> - | CV19: =IF(T19="x","x",IF(T19="-","-","")) -> - | CW19: =IF(U19="x","x",IF(U19="-","-","")) -> - | CX19: =IF(V19="x","x",IF(V19="-","-","")) -> - | CY19: =IF(W19="x","x",IF(W19="-","-","")) -> - | CZ19: - | DA19: - | DB19: - | DC19: - | DE19: =IF(Y19="x","x",IF(Y19="-","-","")) | DF19: =IF(Z19="x","x",IF(Z19="-","-","")) | DG19: =IF(AA19="x","x",IF(AA19="-","-","")) | DH19: =IF(AB19="x","x",IF(AB19="-","-","")) | DI19: =IF(AC19="x","x",IF(AC19="-","-","")) | DJ19: =IF(AD19="x","x",IF(AD19="-","-","")) -> x | DK19: =IF(AE19="x","x",IF(AE19="-","-","")) | DL19: =IF(AF19="x","x",IF(AF19="-","-","")) | DM19: - | DN19: - | DO19: - | DP19: -
A20: yes | B20: 19 | C20: TST019 | D20: red | E20: SLink | F20: 19 | G20: 25 | H20: yes | I20: no | J20: yes | K20: -20 | L20: yes | M20: 380 | N20: no | P20: - | Q20: - | R20: - | S20: - | T20: - | U20: - | V20: - | W20: - | AE20: x | AH20: yes | AI20: yes | AL20: x | BJ20: - | BK20: - | BL20: - | BM20: - | BN20: - | BO20: - | BP20: - | BQ20: - | BS20: =IF(AK20="x","x",IF(AK20="-","-","")) | BT20: =IF(AL20="x","x",IF(AL20="-","-","")) -> x | BU20: =IF(AM20="x","x",IF(AM20="-","-","")) | BV20: =IF(AN20="x","x",IF(AN20="-","-","")) | BW20: =IF(AO20="x","x",IF(AO20="-","-","")) | BX20: =IF(AP20="x","x",IF(AP20="-","-","")) | BY20: =IF(AQ20="x","x",IF(AQ20="-","-","")) | BZ20: =IF(AR20="x","x",IF(AR20="-","-","")) | ... CP20: =IF(BH20="x","x",IF(BH20="-","-","")) | CR20: =IF(P20="x","x",IF(P20="-","-","")) -> - | CS20: =IF(Q20="x","x",IF(Q20="-","-","")) -> - | CT20: =IF(R20="x","x",IF(R20="-","-","")) -> - | CU20: =IF(S20="x","x",IF(S20="-","-","")) -> - | CV20: =IF(T20="x","x",IF(T20="-","-","")) -> - | CW20: =IF(U20="x","x",IF(U20="-","-","")) -> - | CX20: =IF(V20="x","x",IF(V20="-","-","")) -> - | CY20: =IF(W20="x","x",IF(W20="-","-","")) -> - | CZ20: - | DA20: - | DB20: - | DC20: - | DE20: =IF(Y20="x","x",IF(Y20="-","-","")) | DF20: =IF(Z20="x","x",IF(Z20="-","-","")) | DG20: =IF(AA20="x","x",IF(AA20="-","-","")) | DH20: =IF(AB20="x","x",IF(AB20="-","-","")) | DI20: =IF(AC20="x","x",IF(AC20="-","-","")) | DJ20: =IF(AD20="x","x",IF(AD20="-","-","")) | DK20: =IF(AE20="x","x",IF(AE20="-","-","")) -> x | DL20: =IF(AF20="x","x",IF(AF20="-","-","")) | DM20: - | DN20: - | DO20: - | DP20: -
A21: yes | B21: 20 | C21: TST020 | D21: red | E21: SLink | F21: 20 | G21: 30 | H21: no | I21: yes | J21: no | K21: -25 | L21: no | M21: 400 | N21: no | P21: - | Q21: - | R21: - | S21: - | T21: - | U21: - | V21: - | W21: - | AF21: x | AH21: yes | AI21: yes | AL21: x | BJ21: - | BK21: - | BL21: - | BM21: - | BN21: - | BO21: - | BP21: - | BQ21: - | BS21: =IF(AK21="x","x",IF(AK21="-","-","")) | BT21: =IF(AL21="x","x",IF(AL21="-","-","")) -> x | BU21: =IF(AM21="x","x",IF(AM21="-","-","")) | BV21: =IF(AN21="x","x",IF(AN21="-","-","")) | BW21: =IF(AO21="x","x",IF(AO21="-","-","")) | BX21: =IF(AP21="x","x",IF(AP21="-","-","")) | BY21: =IF(AQ21="x","x",IF(AQ21="-","-","")) | BZ21: =IF(AR21="x","x",IF(AR21="-","-","")) | ... CP21: =IF(BH21="x","x",IF(BH21="-","-","")) | CR21: =IF(P21="x","x",IF(P21="-","-","")) -> - | CS21: =IF(Q21="x","x",IF(Q21="-","-","")) -> - | CT21: =IF(R21="x","x",IF(R21="-","-","")) -> - | CU21: =IF(S21="x","x",IF(S21="-","-","")) -> - | CV21: =IF(T21="x","x",IF(T21="-","-","")) -> - | CW21: =IF(U21="x","x",IF(U21="-","-","")) -> - | CX21: =IF(V21="x","x",IF(V21="-","-","")) -> - | CY21: =IF(W21="x","x",IF(W21="-","-","")) -> - | CZ21: - | DA21: - | DB21: - | DC21: - | DE21: =IF(Y21="x","x",IF(Y21="-","-","")) | DF21: =IF(Z21="x","x",IF(Z21="-","-","")) | DG21: =IF(AA21="x","x",IF(AA21="-","-","")) | DH21: =IF(AB21="x","x",IF(AB21="-","-","")) | DI21: =IF(AC21="x","x",IF(AC21="-","-","")) | DJ21: =IF(AD21="x","x",IF(AD21="-","-","")) | DK21: =IF(AE21="x","x",IF(AE21="-","-","")) | DL21: =IF(AF21="x","x",IF(AF21="-","-","")) -> x | DM21: - | DN21: - | DO21: - | DP21: -
A22: yes | B22: 21 | C22: TST021 | D22: red | E22: SLink | F22: 21 | G22: 35 | H22: yes | I22: no | J22: yes | K22: -30 | L22: yes | M22: 420 | N22: no | P22: - | Q22: - | R22: - | S22: - | T22: - | U22: - | V22: - | W22: - | Y22: - | Z22: - | AA22: - | AB22: - | AC22: - | AD22: - | AE22: - | AF22: - | AH22: yes | AI22: yes | AL22: x | BJ22: - | BK22: - | BL22: - | BM22: - | BN22: - | BO22: - | BP22: - | BQ22: - | BS22: =IF(AK22="x","x",IF(AK22="-","-","")) | BT22: =IF(AL22="x","x",IF(AL22="-","-","")) -> x | BU22: =IF(AM22="x","x",IF(AM22="-","-","")) | BV22: =IF(AN22="x","x",IF(AN22="-","-","")) | BW22: =IF(AO22="x","x",IF(AO22="-","-","")) | BX22: =IF(AP22="x","x",IF(AP22="-","-","")) | BY22: =IF(AQ22="x","x",IF(AQ22="-","-","")) | BZ22: =IF(AR22="x","x",IF(AR22="-","-","")) | ... CP22: =IF(BH22="x","x",IF(BH22="-","-","")) | CR22: =IF(P22="x","x",IF(P22="-","-","")) -> - | CS22: =IF(Q22="x","x",IF(Q22="-","-","")) -> - | CT22: =IF(R22="x","x",IF(R22="-","-","")) -> - | CU22: =IF(S22="x","x",IF(S22="-","-","")) -> - | CV22: =IF(T22="x","x",IF(T22="-","-","")) -> - | CW22: =IF(U22="x","x",IF(U22="-","-","")) -> - | CX22: =IF(V22="x","x",IF(V22="-","-","")) -> - | CY22: =IF(W22="x","x",IF(W22="-","-","")) -> - | CZ22: - | DA22: - | DB22: - | DC22: - | DE22: =IF(Y22="x","x",IF(Y22="-","-","")) -> - | DF22: =IF(Z22="x","x",IF(Z22="-","-","")) -> - | DG22: =IF(AA22="x","x",IF(AA22="-","-","")) -> - | DH22: =IF(AB22="x","x",IF(AB22="-","-","")) -> - | DI22: =IF(AC22="x","x",IF(AC22="-","-","")) -> - | DJ22: =IF(AD22="x","x",IF(AD22="-","-","")) -> - | DK22: =IF(AE22="x","x",IF(AE22="-","-","")) -> - | DL22: =IF(AF22="x","x",IF(AF22="-","-","")) -> - | DM22: - | DN22: - | DO22: - | DP22: -
A23: yes | B23: 22 | C23: TST022 | D23: red | E23: SLink | F23: 22 | G23: 40 | H23: no | I23: yes | J23: no | K23: -35 | L23: no | M23: 440 | N23: no | P23: - | Q23: - | R23: - | S23: - | T23: - | U23: - | V23: - | W23: - | Y23: - | Z23: - | AA23: - | AB23: - | AC23: - | AD23: - | AE23: - | AF23: - | AH23: yes | AI23: yes | AL23: x | BJ23: - | BK23: - | BL23: - | BM23: - | BN23: - | BO23: - | BP23: - | BQ23: - | BS23: =IF(AK23="x","x",IF(AK23="-","-","")) | BT23: =IF(AL23="x","x",IF(AL23="-","-","")) -> x | BU23: =IF(AM23="x","x",IF(AM23="-","-","")) | BV23: =IF(AN23="x","x",IF(AN23="-","-","")) | BW23: =IF(AO23="x","x",IF(AO23="-","-","")) | BX23: =IF(AP23="x","x",IF(AP23="-","-","")) | BY23: =IF(AQ23="x","x",IF(AQ23="-","-","")) | BZ23: =IF(AR23="x","x",IF(AR23="-","-","")) | ... CP23: =IF(BH23="x","x",IF(BH23="-","-","")) | CR23: =IF(P23="x","x",IF(P23="-","-","")) -> - | CS23: =IF(Q23="x","x",IF(Q23="-","-","")) -> - | CT23: =IF(R23="x","x",IF(R23="-","-","")) -> - | CU23: =IF(S23="x","x",IF(S23="-","-","")) -> - | CV23: =IF(T23="x","x",IF(T23="-","-","")) -> - | CW23: =IF(U23="x","x",IF(U23="-","-","")) -> - | CX23: =IF(V23="x","x",IF(V23="-","-","")) -> - | CY23: =IF(W23="x","x",IF(W23="-","-","")) -> - | CZ23: - | DA23: - | DB23: - | DC23: - | DE23: =IF(Y23="x","x",IF(Y23="-","-","")) -> - | DF23: =IF(Z23="x","x",IF(Z23="-","-","")) -> - | DG23: =IF(AA23="x","x",IF(AA23="-","-","")) -> - | DH23: =IF(AB23="x","x",IF(AB23="-","-","")) -> - | DI23: =IF(AC23="x","x",IF(AC23="-","-","")) -> - | DJ23: =IF(AD23="x","x",IF(AD23="-","-","")) -> - | DK23: =IF(AE23="x","x",IF(AE23="-","-","")) -> - | DL23: =IF(AF23="x","x",IF(AF23="-","-","")) -> - | DM23: - | DN23: - | DO23: - | DP23: -
A24: yes | B24: 23 | C24: TST023 | D24: red | E24: SLink | F24: 23 | G24: 45 | H24: yes | I24: no | J24: yes | K24: -40 | L24: yes | M24: 460 | N24: no | P24: - | Q24: - | R24: - | S24: - | T24: - | U24: - | V24: - | W24: - | Y24: - | Z24: - | AA24: - | AB24: - | AC24: - | AD24: - | AE24: - | AF24: - | AH24: yes | AI24: yes | AL24: x | BJ24: - | BK24: - | BL24: - | BM24: - | BN24: - | BO24: - | BP24: - | BQ24: - | BS24: =IF(AK24="x","x",IF(AK24="-","-","")) | BT24: =IF(AL24="x","x",IF(AL24="-","-","")) -> x | BU24: =IF(AM24="x","x",IF(AM24="-","-","")) | BV24: =IF(AN24="x","x",IF(AN24="-","-","")) | BW24: =IF(AO24="x","x",IF(AO24="-","-","")) | BX24: =IF(AP24="x","x",IF(AP24="-","-","")) | BY24: =IF(AQ24="x","x",IF(AQ24="-","-","")) | BZ24: =IF(AR24="x","x",IF(AR24="-","-","")) | ... CP24: =IF(BH24="x","x",IF(BH24="-","-","")) | CR24: =IF(P24="x","x",IF(P24="-","-","")) -> - | CS24: =IF(Q24="x","x",IF(Q24="-","-","")) -> - | CT24: =IF(R24="x","x",IF(R24="-","-","")) -> - | CU24: =IF(S24="x","x",IF(S24="-","-","")) -> - | CV24: =IF(T24="x","x",IF(T24="-","-","")) -> - | CW24: =IF(U24="x","x",IF(U24="-","-","")) -> - | CX24: =IF(V24="x","x",IF(V24="-","-","")) -> - | CY24: =IF(W24="x","x",IF(W24="-","-","")) -> - | CZ24: - | DA24: - | DB24: - | DC24: - | DE24: =IF(Y24="x","x",IF(Y24="-","-","")) -> - | DF24: =IF(Z24="x","x",IF(Z24="-","-","")) -> - | DG24: =IF(AA24="x","x",IF(AA24="-","-","")) -> - | DH24: =IF(AB24="x","x",IF(AB24="-","-","")) -> - | DI24: =IF(AC24="x","x",IF(AC24="-","-","")) -> - | DJ24: =IF(AD24="x","x",IF(AD24="-","-","")) -> - | DK24: =IF(AE24="x","x",IF(AE24="-","-","")) -> - | DL24: =IF(AF24="x","x",IF(AF24="-","-","")) -> - | DM24: - | DN24: - | DO24: - | DP24: -
A25: yes | B25: 24 | C25: TST024 | D25: red | E25: SLink | F25: 24 | G25: 50 | H25: no | I25: yes | J25: no | K25: -45 | L25: no | M25: 480 | N25: no | P25: - | Q25: - | R25: - | S25: - | T25: - | U25: - | V25: - | W25: - | Y25: - | Z25: - | AA25: - | AB25: - | AC25: - | AD25: - | AE25: - | AF25: - | AH25: yes | AI25: yes | AL25: x | BJ25: - | BK25: - | BL25: - | BM25: - | BN25: - | BO25: - | BP25: - | BQ25: - | BS25: =IF(AK25="x","x",IF(AK25="-","-","")) | BT25: =IF(AL25="x","x",IF(AL25="-","-","")) -> x | BU25: =IF(AM25="x","x",IF(AM25="-","-","")) | BV25: =IF(AN25="x","x",IF(AN25="-","-","")) | BW25: =IF(AO25="x","x",IF(AO25="-","-","")) | BX25: =IF(AP25="x","x",IF(AP25="-","-","")) | BY25: =IF(AQ25="x","x",IF(AQ25="-","-","")) | BZ25: =IF(AR25="x","x",IF(AR25="-","-","")) | ... CP25: =IF(BH25="x","x",IF(BH25="-","-","")) | CR25: =IF(P25="x","x",IF(P25="-","-","")) -> - | CS25: =IF(Q25="x","x",IF(Q25="-","-","")) -> - | CT25: =IF(R25="x","x",IF(R25="-","-","")) -> - | CU25: =IF(S25="x","x",IF(S25="-","-","")) -> - | CV25: =IF(T25="x","x",IF(T25="-","-","")) -> - | CW25: =IF(U25="x","x",IF(U25="-","-","")) -> - | CX25: =IF(V25="x","x",IF(V25="-","-","")) -> - | CY25: =IF(W25="x","x",IF(W25="-","-","")) -> - | CZ25: - | DA25: - | DB25: - | DC25: - | DE25: =IF(Y25="x","x",IF(Y25="-","-","")) -> - | DF25: =IF(Z25="x","x",IF(Z25="-","-","")) -> - | DG25: =IF(AA25="x","x",IF(AA25="-","-","")) -> - | DH25: =IF(AB25="x","x",IF(AB25="-","-","")) -> - | DI25: =IF(AC25="x","x",IF(AC25="-","-","")) -> - | DJ25: =IF(AD25="x","x",IF(AD25="-","-","")) -> - | DK25: =IF(AE25="x","x",IF(AE25="-","-","")) -> - | DL25: =IF(AF25="x","x",IF(AF25="-","-","")) -> - | DM25: - | DN25: - | DO25: - | DP25: -
A26: yes | B26: 25 | C26: TST025 | D26: yellow | E26: SLink | F26: 25 | G26: 55 | H26: yes | I26: no | J26: yes | K26: -99 | L26: yes | M26: 500 | N26: - | P26: - | Q26: - | R26: - | S26: - | T26: - | U26: - | V26: - | W26: - | Y26: - | Z26: - | AA26: - | AB26: - | AC26: - | AD26: - | AE26: - | AF26: - | AH26: yes | AI26: yes | AM26: x | BJ26: - | BK26: - | BL26: - | BM26: - | BN26: - | BO26: - | BP26: - | BQ26: - | BS26: =IF(AK26="x","x",IF(AK26="-","-","")) | BT26: =IF(AL26="x","x",IF(AL26="-","-","")) | BU26: =IF(AM26="x","x",IF(AM26="-","-","")) -> x | BV26: =IF(AN26="x","x",IF(AN26="-","-","")) | BW26: =IF(AO26="x","x",IF(AO26="-","-","")) | BX26: =IF(AP26="x","x",IF(AP26="-","-","")) | BY26: =IF(AQ26="x","x",IF(AQ26="-","-","")) | BZ26: =IF(AR26="x","x",IF(AR26="-","-","")) | ... CP26: =IF(BH26="x","x",IF(BH26="-","-","")) | CR26: =IF(P26="x","x",IF(P26="-","-","")) -> - | CS26: =IF(Q26="x","x",IF(Q26="-","-","")) -> - | CT26: =IF(R26="x","x",IF(R26="-","-","")) -> - | CU26: =IF(S26="x","x",IF(S26="-","-","")) -> - | CV26: =IF(T26="x","x",IF(T26="-","-","")) -> - | CW26: =IF(U26="x","x",IF(U26="-","-","")) -> - | CX26: =IF(V26="x","x",IF(V26="-","-","")) -> - | CY26: =IF(W26="x","x",IF(W26="-","-","")) -> - | CZ26: - | DA26: - | DB26: - | DC26: - | DE26: =IF(Y26="x","x",IF(Y26="-","-","")) -> - | DF26: =IF(Z26="x","x",IF(Z26="-","-","")) -> - | DG26: =IF(AA26="x","x",IF(AA26="-","-","")) -> - | DH26: =IF(AB26="x","x",IF(AB26="-","-","")) -> - | DI26: =IF(AC26="x","x",IF(AC26="-","-","")) -> - | DJ26: =IF(AD26="x","x",IF(AD26="-","-","")) -> - | DK26: =IF(AE26="x","x",IF(AE26="-","-","")) -> - | DL26: =IF(AF26="x","x",IF(AF26="-","-","")) -> - | DM26: - | DN26: - | DO26: - | DP26: -
A27: yes | B27: 26 | C27: TST026 | D27: yellow | E27: SLink | F27: 26 | G27: 60 | H27: no | I27: yes | J27: no | K27: 10 | L27: no | M27: 520 | N27: - | P27: - | Q27: - | R27: - | S27: - | T27: - | U27: - | V27: - | W27: - | Y27: - | Z27: - | AA27: - | AB27: - | AC27: - | AD27: - | AE27: - | AF27: - | AH27: yes | AI27: yes | AM27: x | BJ27: - | BK27: - | BL27: - | BM27: - | BN27: - | BO27: - | BP27: - | BQ27: - | BS27: =IF(AK27="x","x",IF(AK27="-","-","")) | BT27: =IF(AL27="x","x",IF(AL27="-","-","")) | BU27: =IF(AM27="x","x",IF(AM27="-","-","")) -> x | BV27: =IF(AN27="x","x",IF(AN27="-","-","")) | BW27: =IF(AO27="x","x",IF(AO27="-","-","")) | BX27: =IF(AP27="x","x",IF(AP27="-","-","")) | BY27: =IF(AQ27="x","x",IF(AQ27="-","-","")) | BZ27: =IF(AR27="x","x",IF(AR27="-","-","")) | ... CP27: =IF(BH27="x","x",IF(BH27="-","-","")) | CR27: =IF(P27="x","x",IF(P27="-","-","")) -> - | CS27: =IF(Q27="x","x",IF(Q27="-","-","")) -> - | CT27: =IF(R27="x","x",IF(R27="-","-","")) -> - | CU27: =IF(S27="x","x",IF(S27="-","-","")) -> - | CV27: =IF(T27="x","x",IF(T27="-","-","")) -> - | CW27: =IF(U27="x","x",IF(U27="-","-","")) -> - | CX27: =IF(V27="x","x",IF(V27="-","-","")) -> - | CY27: =IF(W27="x","x",IF(W27="-","-","")) -> - | CZ27: - | DA27: - | DB27: - | DC27: - | DE27: =IF(Y27="x","x",IF(Y27="-","-","")) -> - | DF27: =IF(Z27="x","x",IF(Z27="-","-","")) -> - | DG27: =IF(AA27="x","x",IF(AA27="-","-","")) -> - | DH27: =IF(AB27="x","x",IF(AB27="-","-","")) -> - | DI27: =IF(AC27="x","x",IF(AC27="-","-","")) -> - | DJ27: =IF(AD27="x","x",IF(AD27="-","-","")) -> - | DK27: =IF(AE27="x","x",IF(AE27="-","-","")) -> - | DL27: =IF(AF27="x","x",IF(AF27="-","-","")) -> - | DM27: - | DN27: - | DO27: - | DP27: -
A28: yes | B28: 27 | C28: TST027 | D28: yellow | E28: SLink | F28: 27 | G28: - | H28: - | I28: - | J28: yes | K28: 5 | L28: yes | M28: 540 | N28: - | P28: - | Q28: - | R28: - | S28: - | T28: - | U28: - | V28: - | W28: - | Y28: - | Z28: - | AA28: - | AB28: - | AC28: - | AD28: - | AE28: - | AF28: - | AH28: yes | AI28: yes | AM28: x | BJ28: - | BK28: - | BL28: - | BM28: - | BN28: - | BO28: - | BP28: - | BQ28: - | BS28: =IF(AK28="x","x",IF(AK28="-","-","")) | BT28: =IF(AL28="x","x",IF(AL28="-","-","")) | BU28: =IF(AM28="x","x",IF(AM28="-","-","")) -> x | BV28: =IF(AN28="x","x",IF(AN28="-","-","")) | BW28: =IF(AO28="x","x",IF(AO28="-","-","")) | BX28: =IF(AP28="x","x",IF(AP28="-","-","")) | BY28: =IF(AQ28="x","x",IF(AQ28="-","-","")) | BZ28: =IF(AR28="x","x",IF(AR28="-","-","")) | ... CP28: =IF(BH28="x","x",IF(BH28="-","-","")) | CR28: =IF(P28="x","x",IF(P28="-","-","")) -> - | CS28: =IF(Q28="x","x",IF(Q28="-","-","")) -> - | CT28: =IF(R28="x","x",IF(R28="-","-","")) -> - | CU28: =IF(S28="x","x",IF(S28="-","-","")) -> - | CV28: =IF(T28="x","x",IF(T28="-","-","")) -> - | CW28: =IF(U28="x","x",IF(U28="-","-","")) -> - | CX28: =IF(V28="x","x",IF(V28="-","-","")) -> - | CY28: =IF(W28="x","x",IF(W28="-","-","")) -> - | CZ28: - | DA28: - | DB28: - | DC28: - | DE28: =IF(Y28="x","x",IF(Y28="-","-","")) -> - | DF28: =IF(Z28="x","x",IF(Z28="-","-","")) -> - | DG28: =IF(AA28="x","x",IF(AA28="-","-","")) -> - | DH28: =IF(AB28="x","x",IF(AB28="-","-","")) -> - | DI28: =IF(AC28="x","x",IF(AC28="-","-","")) -> - | DJ28: =IF(AD28="x","x",IF(AD28="-","-","")) -> - | DK28: =IF(AE28="x","x",IF(AE28="-","-","")) -> - | DL28: =IF(AF28="x","x",IF(AF28="-","-","")) -> - | DM28: - | DN28: - | DO28: - | DP28: -
A29: yes | B29: 28 | C29: TST028 | D29: yellow | E29: SLink | F29: 28 | G29: - | H29: - | I29: - | J29: no | K29: 0 | L29: no | M29: 560 | N29: - | P29: - | Q29: - | R29: - | S29: - | T29: - | U29: - | V29: - | W29: - | Y29: - | Z29: - | AA29: - | AB29: - | AC29: - | AD29: - | AE29: - | AF29: - | AH29: yes | AI29: yes | AM29: x | BJ29: - | BK29: - | BL29: - | BM29: - | BN29: - | BO29: - | BP29: - | BQ29: - | BS29: =IF(AK29="x","x",IF(AK29="-","-","")) | BT29: =IF(AL29="x","x",IF(AL29="-","-","")) | BU29: =IF(AM29="x","x",IF(AM29="-","-","")) -> x | BV29: =IF(AN29="x","x",IF(AN29="-","-","")) | BW29: =IF(AO29="x","x",IF(AO29="-","-","")) | BX29: =IF(AP29="x","x",IF(AP29="-","-","")) | BY29: =IF(AQ29="x","x",IF(AQ29="-","-","")) | BZ29: =IF(AR29="x","x",IF(AR29="-","-","")) | ... CP29: =IF(BH29="x","x",IF(BH29="-","-","")) | CR29: =IF(P29="x","x",IF(P29="-","-","")) -> - | CS29: =IF(Q29="x","x",IF(Q29="-","-","")) -> - | CT29: =IF(R29="x","x",IF(R29="-","-","")) -> - | CU29: =IF(S29="x","x",IF(S29="-","-","")) -> - | CV29: =IF(T29="x","x",IF(T29="-","-","")) -> - | CW29: =IF(U29="x","x",IF(U29="-","-","")) -> - | CX29: =IF(V29="x","x",IF(V29="-","-","")) -> - | CY29: =IF(W29="x","x",IF(W29="-","-","")) -> - | CZ29: - | DA29: - | DB29: - | DC29: - | DE29: =IF(Y29="x","x",IF(Y29="-","-","")) -> - | DF29: =IF(Z29="x","x",IF(Z29="-","-","")) -> - | DG29: =IF(AA29="x","x",IF(AA29="-","-","")) -> - | DH29: =IF(AB29="x","x",IF(AB29="-","-","")) -> - | DI29: =IF(AC29="x","x",IF(AC29="-","-","")) -> - | DJ29: =IF(AD29="x","x",IF(AD29="-","-","")) -> - | DK29: =IF(AE29="x","x",IF(AE29="-","-","")) -> - | DL29: =IF(AF29="x","x",IF(AF29="-","-","")) -> - | DM29: - | DN29: - | DO29: - | DP29: -
A30: yes | B30: 29 | C30: TST029 | D30: yellow | E30: SLink | F30: 29 | G30: - | H30: - | I30: - | J30: yes | K30: -5 | L30: yes | M30: 580 | N30: - | P30: - | Q30: - | R30: - | S30: - | T30: - | U30: - | V30: - | W30: - | Y30: - | Z30: - | AA30: - | AB30: - | AC30: - | AD30: - | AE30: - | AF30: - | AH30: yes | AI30: yes | AM30: x | BJ30: - | BK30: - | BL30: - | BM30: - | BN30: - | BO30: - | BP30: - | BQ30: - | BS30: =IF(AK30="x","x",IF(AK30="-","-","")) | BT30: =IF(AL30="x","x",IF(AL30="-","-","")) | BU30: =IF(AM30="x","x",IF(AM30="-","-","")) -> x | BV30: =IF(AN30="x","x",IF(AN30="-","-","")) | BW30: =IF(AO30="x","x",IF(AO30="-","-","")) | BX30: =IF(AP30="x","x",IF(AP30="-","-","")) | BY30: =IF(AQ30="x","x",IF(AQ30="-","-","")) | BZ30: =IF(AR30="x","x",IF(AR30="-","-","")) | ... CP30: =IF(BH30="x","x",IF(BH30="-","-","")) | CR30: =IF(P30="x","x",IF(P30="-","-","")) -> - | CS30: =IF(Q30="x","x",IF(Q30="-","-","")) -> - | CT30: =IF(R30="x","x",IF(R30="-","-","")) -> - | CU30: =IF(S30="x","x",IF(S30="-","-","")) -> - | CV30: =IF(T30="x","x",IF(T30="-","-","")) -> - | CW30: =IF(U30="x","x",IF(U30="-","-","")) -> - | CX30: =IF(V30="x","x",IF(V30="-","-","")) -> - | CY30: =IF(W30="x","x",IF(W30="-","-","")) -> - | CZ30: - | DA30: - | DB30: - | DC30: - | DE30: =IF(Y30="x","x",IF(Y30="-","-","")) -> - | DF30: =IF(Z30="x","x",IF(Z30="-","-","")) -> - | DG30: =IF(AA30="x","x",IF(AA30="-","-","")) -> - | DH30: =IF(AB30="x","x",IF(AB30="-","-","")) -> - | DI30: =IF(AC30="x","x",IF(AC30="-","-","")) -> - | DJ30: =IF(AD30="x","x",IF(AD30="-","-","")) -> - | DK30: =IF(AE30="x","x",IF(AE30="-","-","")) -> - | DL30: =IF(AF30="x","x",IF(AF30="-","-","")) -> - | DM30: - | DN30: - | DO30: - | DP30: -
A31: yes | B31: 30 | C31: TST030 | D31: yellow | E31: SLink | F31: 30 | G31: - | H31: - | I31: - | J31: no | K31: -10 | L31: no | M31: 600 | N31: - | P31: - | Q31: - | R31: - | S31: - | T31: - | U31: - | V31: - | W31: - | Y31: - | Z31: - | AA31: - | AB31: - | AC31: - | AD31: - | AE31: - | AF31: - | AH31: yes | AI31: yes | AM31: x | BJ31: - | BK31: - | BL31: - | BM31: - | BN31: - | BO31: - | BP31: - | BQ31: - | BS31: =IF(AK31="x","x",IF(AK31="-","-","")) | BT31: =IF(AL31="x","x",IF(AL31="-","-","")) | BU31: =IF(AM31="x","x",IF(AM31="-","-","")) -> x | BV31: =IF(AN31="x","x",IF(AN31="-","-","")) | BW31: =IF(AO31="x","x",IF(AO31="-","-","")) | BX31: =IF(AP31="x","x",IF(AP31="-","-","")) | BY31: =IF(AQ31="x","x",IF(AQ31="-","-","")) | BZ31: =IF(AR31="x","x",IF(AR31="-","-","")) | ... CP31: =IF(BH31="x","x",IF(BH31="-","-","")) | CR31: =IF(P31="x","x",IF(P31="-","-","")) -> - | CS31: =IF(Q31="x","x",IF(Q31="-","-","")) -> - | CT31: =IF(R31="x","x",IF(R31="-","-","")) -> - | CU31: =IF(S31="x","x",IF(S31="-","-","")) -> - | CV31: =IF(T31="x","x",IF(T31="-","-","")) -> - | CW31: =IF(U31="x","x",IF(U31="-","-","")) -> - | CX31: =IF(V31="x","x",IF(V31="-","-","")) -> - | CY31: =IF(W31="x","x",IF(W31="-","-","")) -> - | CZ31: - | DA31: - | DB31: - | DC31: - | DE31: =IF(Y31="x","x",IF(Y31="-","-","")) -> - | DF31: =IF(Z31="x","x",IF(Z31="-","-","")) -> - | DG31: =IF(AA31="x","x",IF(AA31="-","-","")) -> - | DH31: =IF(AB31="x","x",IF(AB31="-","-","")) -> - | DI31: =IF(AC31="x","x",IF(AC31="-","-","")) -> - | DJ31: =IF(AD31="x","x",IF(AD31="-","-","")) -> - | DK31: =IF(AE31="x","x",IF(AE31="-","-","")) -> - | DL31: =IF(AF31="x","x",IF(AF31="-","-","")) -> - | DM31: - | DN31: - | DO31: - | DP31: -
A32: yes | B32: 31 | C32: TST031 | D32: yellow | E32: SLink | F32: 31 | G32: - | H32: - | I32: - | J32: yes | K32: -15 | L32: yes | M32: 620 | N32: - | P32: - | Q32: - | R32: - | S32: - | T32: - | U32: - | V32: - | W32: - | Y32: - | Z32: - | AA32: - | AB32: - | AC32: - | AD32: - | AE32: - | AF32: - | AH32: yes | AI32: yes | AM32: x | BJ32: - | BK32: - | BL32: - | BM32: - | BN32: - | BO32: - | BP32: - | BQ32: - | BS32: =IF(AK32="x","x",IF(AK32="-","-","")) | BT32: =IF(AL32="x","x",IF(AL32="-","-","")) | BU32: =IF(AM32="x","x",IF(AM32="-","-","")) -> x | BV32: =IF(AN32="x","x",IF(AN32="-","-","")) | BW32: =IF(AO32="x","x",IF(AO32="-","-","")) | BX32: =IF(AP32="x","x",IF(AP32="-","-","")) | BY32: =IF(AQ32="x","x",IF(AQ32="-","-","")) | BZ32: =IF(AR32="x","x",IF(AR32="-","-","")) | ... CP32: =IF(BH32="x","x",IF(BH32="-","-","")) | CR32: =IF(P32="x","x",IF(P32="-","-","")) -> - | CS32: =IF(Q32="x","x",IF(Q32="-","-","")) -> - | CT32: =IF(R32="x","x",IF(R32="-","-","")) -> - | CU32: =IF(S32="x","x",IF(S32="-","-","")) -> - | CV32: =IF(T32="x","x",IF(T32="-","-","")) -> - | CW32: =IF(U32="x","x",IF(U32="-","-","")) -> - | CX32: =IF(V32="x","x",IF(V32="-","-","")) -> - | CY32: =IF(W32="x","x",IF(W32="-","-","")) -> - | CZ32: - | DA32: - | DB32: - | DC32: - | DE32: =IF(Y32="x","x",IF(Y32="-","-","")) -> - | DF32: =IF(Z32="x","x",IF(Z32="-","-","")) -> - | DG32: =IF(AA32="x","x",IF(AA32="-","-","")) -> - | DH32: =IF(AB32="x","x",IF(AB32="-","-","")) -> - | DI32: =IF(AC32="x","x",IF(AC32="-","-","")) -> - | DJ32: =IF(AD32="x","x",IF(AD32="-","-","")) -> - | DK32: =IF(AE32="x","x",IF(AE32="-","-","")) -> - | DL32: =IF(AF32="x","x",IF(AF32="-","-","")) -> - | DM32: - | DN32: - | DO32: - | DP32: -
A33: yes | B33: 32 | C33: TST032 | D33: yellow | E33: SLink | F33: 32 | G33: - | H33: - | I33: - | J33: no | K33: -20 | L33: no | M33: 640 | N33: - | P33: - | Q33: - | R33: - | S33: - | T33: - | U33: - | V33: - | W33: - | Y33: - | Z33: - | AA33: - | AB33: - | AC33: - | AD33: - | AE33: - | AF33: - | AH33: yes | AI33: yes | AM33: x | BJ33: - | BK33: - | BL33: - | BM33: - | BN33: - | BO33: - | BP33: - | BQ33: - | BS33: =IF(AK33="x","x",IF(AK33="-","-","")) | BT33: =IF(AL33="x","x",IF(AL33="-","-","")) | BU33: =IF(AM33="x","x",IF(AM33="-","-","")) -> x | BV33: =IF(AN33="x","x",IF(AN33="-","-","")) | BW33: =IF(AO33="x","x",IF(AO33="-","-","")) | BX33: =IF(AP33="x","x",IF(AP33="-","-","")) | BY33: =IF(AQ33="x","x",IF(AQ33="-","-","")) | BZ33: =IF(AR33="x","x",IF(AR33="-","-","")) | ... CP33: =IF(BH33="x","x",IF(BH33="-","-","")) | CR33: =IF(P33="x","x",IF(P33="-","-","")) -> - | CS33: =IF(Q33="x","x",IF(Q33="-","-","")) -> - | CT33: =IF(R33="x","x",IF(R33="-","-","")) -> - | CU33: =IF(S33="x","x",IF(S33="-","-","")) -> - | CV33: =IF(T33="x","x",IF(T33="-","-","")) -> - | CW33: =IF(U33="x","x",IF(U33="-","-","")) -> - | CX33: =IF(V33="x","x",IF(V33="-","-","")) -> - | CY33: =IF(W33="x","x",IF(W33="-","-","")) -> - | CZ33: - | DA33: - | DB33: - | DC33: - | DE33: =IF(Y33="x","x",IF(Y33="-","-","")) -> - | DF33: =IF(Z33="x","x",IF(Z33="-","-","")) -> - | DG33: =IF(AA33="x","x",IF(AA33="-","-","")) -> - | DH33: =IF(AB33="x","x",IF(AB33="-","-","")) -> - | DI33: =IF(AC33="x","x",IF(AC33="-","-","")) -> - | DJ33: =IF(AD33="x","x",IF(AD33="-","-","")) -> - | DK33: =IF(AE33="x","x",IF(AE33="-","-","")) -> - | DL33: =IF(AF33="x","x",IF(AF33="-","-","")) -> - | DM33: - | DN33: - | DO33: - | DP33: -
A34: yes | B34: 33 | C34: TST033 | D34: yellow | E34: SLink | F34: 33 | G34: - | H34: - | I34: - | J34: yes | K34: -25 | L34: yes | M34: 660 | N34: - | P34: - | Q34: - | R34: - | S34: - | T34: - | U34: - | V34: - | W34: - | Y34: - | Z34: - | AA34: - | AB34: - | AC34: - | AD34: - | AE34: - | AF34: - | AH34: yes | AI34: yes | AM34: x | BJ34: - | BK34: - | BL34: - | BM34: - | BN34: - | BO34: - | BP34: - | BQ34: - | BS34: =IF(AK34="x","x",IF(AK34="-","-","")) | BT34: =IF(AL34="x","x",IF(AL34="-","-","")) | BU34: =IF(AM34="x","x",IF(AM34="-","-","")) -> x | BV34: =IF(AN34="x","x",IF(AN34="-","-","")) | BW34: =IF(AO34="x","x",IF(AO34="-","-","")) | BX34: =IF(AP34="x","x",IF(AP34="-","-","")) | BY34: =IF(AQ34="x","x",IF(AQ34="-","-","")) | BZ34: =IF(AR34="x","x",IF(AR34="-","-","")) | ... CP34: =IF(BH34="x","x",IF(BH34="-","-","")) | CR34: =IF(P34="x","x",IF(P34="-","-","")) -> - | CS34: =IF(Q34="x","x",IF(Q34="-","-","")) -> - | CT34: =IF(R34="x","x",IF(R34="-","-","")) -> - | CU34: =IF(S34="x","x",IF(S34="-","-","")) -> - | CV34: =IF(T34="x","x",IF(T34="-","-","")) -> - | CW34: =IF(U34="x","x",IF(U34="-","-","")) -> - | CX34: =IF(V34="x","x",IF(V34="-","-","")) -> - | CY34: =IF(W34="x","x",IF(W34="-","-","")) -> - | CZ34: - | DA34: - | DB34: - | DC34: - | DE34: =IF(Y34="x","x",IF(Y34="-","-","")) -> - | DF34: =IF(Z34="x","x",IF(Z34="-","-","")) -> - | DG34: =IF(AA34="x","x",IF(AA34="-","-","")) -> - | DH34: =IF(AB34="x","x",IF(AB34="-","-","")) -> - | DI34: =IF(AC34="x","x",IF(AC34="-","-","")) -> - | DJ34: =IF(AD34="x","x",IF(AD34="-","-","")) -> - | DK34: =IF(AE34="x","x",IF(AE34="-","-","")) -> - | DL34: =IF(AF34="x","x",IF(AF34="-","-","")) -> - | DM34: - | DN34: - | DO34: - | DP34: -
A35: yes | B35: 34 | C35: TST034 | D35: yellow | E35: SLink | F35: 34 | G35: - | H35: - | I35: - | J35: no | K35: -30 | L35: no | M35: 680 | N35: - | P35: - | Q35: - | R35: - | S35: - | T35: - | U35: - | V35: - | W35: - | Y35: - | Z35: - | AA35: - | AB35: - | AC35: - | AD35: - | AE35: - | AF35: - | AH35: yes | AI35: yes | AM35: x | BJ35: - | BK35: - | BL35: - | BM35: - | BN35: - | BO35: - | BP35: - | BQ35: - | BS35: =IF(AK35="x","x",IF(AK35="-","-","")) | BT35: =IF(AL35="x","x",IF(AL35="-","-","")) | BU35: =IF(AM35="x","x",IF(AM35="-","-","")) -> x | BV35: =IF(AN35="x","x",IF(AN35="-","-","")) | BW35: =IF(AO35="x","x",IF(AO35="-","-","")) | BX35: =IF(AP35="x","x",IF(AP35="-","-","")) | BY35: =IF(AQ35="x","x",IF(AQ35="-","-","")) | BZ35: =IF(AR35="x","x",IF(AR35="-","-","")) | ... CP35: =IF(BH35="x","x",IF(BH35="-","-","")) | CR35: =IF(P35="x","x",IF(P35="-","-","")) -> - | CS35: =IF(Q35="x","x",IF(Q35="-","-","")) -> - | CT35: =IF(R35="x","x",IF(R35="-","-","")) -> - | CU35: =IF(S35="x","x",IF(S35="-","-","")) -> - | CV35: =IF(T35="x","x",IF(T35="-","-","")) -> - | CW35: =IF(U35="x","x",IF(U35="-","-","")) -> - | CX35: =IF(V35="x","x",IF(V35="-","-","")) -> - | CY35: =IF(W35="x","x",IF(W35="-","-","")) -> - | CZ35: - | DA35: - | DB35: - | DC35: - | DE35: =IF(Y35="x","x",IF(Y35="-","-","")) -> - | DF35: =IF(Z35="x","x",IF(Z35="-","-","")) -> - | DG35: =IF(AA35="x","x",IF(AA35="-","-","")) -> - | DH35: =IF(AB35="x","x",IF(AB35="-","-","")) -> - | DI35: =IF(AC35="x","x",IF(AC35="-","-","")) -> - | DJ35: =IF(AD35="x","x",IF(AD35="-","-","")) -> - | DK35: =IF(AE35="x","x",IF(AE35="-","-","")) -> - | DL35: =IF(AF35="x","x",IF(AF35="-","-","")) -> - | DM35: - | DN35: - | DO35: - | DP35: -
A36: yes | B36: 35 | C36: TST035 | D36: yellow | E36: SLink | F36: 35 | G36: - | H36: - | I36: - | J36: yes | K36: -35 | L36: yes | M36: 700 | N36: - | P36: - | Q36: - | R36: - | S36: - | T36: - | U36: - | V36: - | W36: - | Y36: - | Z36: - | AA36: - | AB36: - | AC36: - | AD36: - | AE36: - | AF36: - | AH36: yes | AI36: yes | AM36: x | BJ36: - | BK36: - | BL36: - | BM36: - | BN36: - | BO36: - | BP36: - | BQ36: - | BS36: =IF(AK36="x","x",IF(AK36="-","-","")) | BT36: =IF(AL36="x","x",IF(AL36="-","-","")) | BU36: =IF(AM36="x","x",IF(AM36="-","-","")) -> x | BV36: =IF(AN36="x","x",IF(AN36="-","-","")) | BW36: =IF(AO36="x","x",IF(AO36="-","-","")) | BX36: =IF(AP36="x","x",IF(AP36="-","-","")) | BY36: =IF(AQ36="x","x",IF(AQ36="-","-","")) | BZ36: =IF(AR36="x","x",IF(AR36="-","-","")) | ... CP36: =IF(BH36="x","x",IF(BH36="-","-","")) | CR36: =IF(P36="x","x",IF(P36="-","-","")) -> - | CS36: =IF(Q36="x","x",IF(Q36="-","-","")) -> - | CT36: =IF(R36="x","x",IF(R36="-","-","")) -> - | CU36: =IF(S36="x","x",IF(S36="-","-","")) -> - | CV36: =IF(T36="x","x",IF(T36="-","-","")) -> - | CW36: =IF(U36="x","x",IF(U36="-","-","")) -> - | CX36: =IF(V36="x","x",IF(V36="-","-","")) -> - | CY36: =IF(W36="x","x",IF(W36="-","-","")) -> - | CZ36: - | DA36: - | DB36: - | DC36: - | DE36: =IF(Y36="x","x",IF(Y36="-","-","")) -> - | DF36: =IF(Z36="x","x",IF(Z36="-","-","")) -> - | DG36: =IF(AA36="x","x",IF(AA36="-","-","")) -> - | DH36: =IF(AB36="x","x",IF(AB36="-","-","")) -> - | DI36: =IF(AC36="x","x",IF(AC36="-","-","")) -> - | DJ36: =IF(AD36="x","x",IF(AD36="-","-","")) -> - | DK36: =IF(AE36="x","x",IF(AE36="-","-","")) -> - | DL36: =IF(AF36="x","x",IF(AF36="-","-","")) -> - | DM36: - | DN36: - | DO36: - | DP36: -
A37: yes | B37: 36 | C37: TST036 | D37: yellow | E37: SLink | F37: 36 | G37: - | H37: - | I37: - | J37: no | K37: -40 | L37: no | M37: 720 | N37: - | P37: - | Q37: - | R37: - | S37: - | T37: - | U37: - | V37: - | W37: - | Y37: - | Z37: - | AA37: - | AB37: - | AC37: - | AD37: - | AE37: - | AF37: - | AH37: yes | AI37: yes | AM37: x | BJ37: - | BK37: - | BL37: - | BM37: - | BN37: - | BO37: - | BP37: - | BQ37: - | BS37: =IF(AK37="x","x",IF(AK37="-","-","")) | BT37: =IF(AL37="x","x",IF(AL37="-","-","")) | BU37: =IF(AM37="x","x",IF(AM37="-","-","")) -> x | BV37: =IF(AN37="x","x",IF(AN37="-","-","")) | BW37: =IF(AO37="x","x",IF(AO37="-","-","")) | BX37: =IF(AP37="x","x",IF(AP37="-","-","")) | BY37: =IF(AQ37="x","x",IF(AQ37="-","-","")) | BZ37: =IF(AR37="x","x",IF(AR37="-","-","")) | ... CP37: =IF(BH37="x","x",IF(BH37="-","-","")) | CR37: =IF(P37="x","x",IF(P37="-","-","")) -> - | CS37: =IF(Q37="x","x",IF(Q37="-","-","")) -> - | CT37: =IF(R37="x","x",IF(R37="-","-","")) -> - | CU37: =IF(S37="x","x",IF(S37="-","-","")) -> - | CV37: =IF(T37="x","x",IF(T37="-","-","")) -> - | CW37: =IF(U37="x","x",IF(U37="-","-","")) -> - | CX37: =IF(V37="x","x",IF(V37="-","-","")) -> - | CY37: =IF(W37="x","x",IF(W37="-","-","")) -> - | CZ37: - | DA37: - | DB37: - | DC37: - | DE37: =IF(Y37="x","x",IF(Y37="-","-","")) -> - | DF37: =IF(Z37="x","x",IF(Z37="-","-","")) -> - | DG37: =IF(AA37="x","x",IF(AA37="-","-","")) -> - | DH37: =IF(AB37="x","x",IF(AB37="-","-","")) -> - | DI37: =IF(AC37="x","x",IF(AC37="-","-","")) -> - | DJ37: =IF(AD37="x","x",IF(AD37="-","-","")) -> - | DK37: =IF(AE37="x","x",IF(AE37="-","-","")) -> - | DL37: =IF(AF37="x","x",IF(AF37="-","-","")) -> - | DM37: - | DN37: - | DO37: - | DP37: -
A38: yes | B38: 37 | C38: TST037 | D38: green | E38: SLink | F38: 37 | G38: - | H38: - | I38: - | J38: yes | K38: -45 | L38: yes | M38: 740 | P38: - | Q38: - | R38: - | S38: - | T38: - | U38: - | V38: - | W38: - | Y38: - | Z38: - | AA38: - | AB38: - | AC38: - | AD38: - | AE38: - | AF38: - | AH38: yes | AI38: yes | AN38: x | BJ38: - | BK38: - | BL38: - | BM38: - | BN38: - | BO38: - | BP38: - | BQ38: - | BS38: =IF(AK38="x","x",IF(AK38="-","-","")) | BT38: =IF(AL38="x","x",IF(AL38="-","-","")) | BU38: =IF(AM38="x","x",IF(AM38="-","-","")) | BV38: =IF(AN38="x","x",IF(AN38="-","-","")) -> x | BW38: =IF(AO38="x","x",IF(AO38="-","-","")) | BX38: =IF(AP38="x","x",IF(AP38="-","-","")) | BY38: =IF(AQ38="x","x",IF(AQ38="-","-","")) | BZ38: =IF(AR38="x","x",IF(AR38="-","-","")) | ... CP38: =IF(BH38="x","x",IF(BH38="-","-","")) | CR38: =IF(P38="x","x",IF(P38="-","-","")) -> - | CS38: =IF(Q38="x","x",IF(Q38="-","-","")) -> - | CT38: =IF(R38="x","x",IF(R38="-","-","")) -> - | CU38: =IF(S38="x","x",IF(S38="-","-","")) -> - | CV38: =IF(T38="x","x",IF(T38="-","-","")) -> - | CW38: =IF(U38="x","x",IF(U38="-","-","")) -> - | CX38: =IF(V38="x","x",IF(V38="-","-","")) -> - | CY38: =IF(W38="x","x",IF(W38="-","-","")) -> - | CZ38: - | DA38: - | DB38: - | DC38: - | DE38: =IF(Y38="x","x",IF(Y38="-","-","")) -> - | DF38: =IF(Z38="x","x",IF(Z38="-","-","")) -> - | DG38: =IF(AA38="x","x",IF(AA38="-","-","")) -> - | DH38: =IF(AB38="x","x",IF(AB38="-","-","")) -> - | DI38: =IF(AC38="x","x",IF(AC38="-","-","")) -> - | DJ38: =IF(AD38="x","x",IF(AD38="-","-","")) -> - | DK38: =IF(AE38="x","x",IF(AE38="-","-","")) -> - | DL38: =IF(AF38="x","x",IF(AF38="-","-","")) -> - | DM38: - | DN38: - | DO38: - | DP38: -
A39: yes | B39: 38 | C39: TST038 | D39: green | E39: SLink | F39: 38 | G39: - | H39: - | I39: - | J39: no | K39: -99 | L39: no | M39: 760 | P39: - | Q39: - | R39: - | S39: - | T39: - | U39: - | V39: - | W39: - | Y39: - | Z39: - | AA39: - | AB39: - | AC39: - | AD39: - | AE39: - | AF39: - | AH39: yes | AI39: yes | AN39: x | BJ39: - | BK39: - | BL39: - | BM39: - | BN39: - | BO39: - | BP39: - | BQ39: - | BS39: =IF(AK39="x","x",IF(AK39="-","-","")) | BT39: =IF(AL39="x","x",IF(AL39="-","-","")) | BU39: =IF(AM39="x","x",IF(AM39="-","-","")) | BV39: =IF(AN39="x","x",IF(AN39="-","-","")) -> x | BW39: =IF(AO39="x","x",IF(AO39="-","-","")) | BX39: =IF(AP39="x","x",IF(AP39="-","-","")) | BY39: =IF(AQ39="x","x",IF(AQ39="-","-","")) | BZ39: =IF(AR39="x","x",IF(AR39="-","-","")) | ... CP39: =IF(BH39="x","x",IF(BH39="-","-","")) | CR39: =IF(P39="x","x",IF(P39="-","-","")) -> - | CS39: =IF(Q39="x","x",IF(Q39="-","-","")) -> - | CT39: =IF(R39="x","x",IF(R39="-","-","")) -> - | CU39: =IF(S39="x","x",IF(S39="-","-","")) -> - | CV39: =IF(T39="x","x",IF(T39="-","-","")) -> - | CW39: =IF(U39="x","x",IF(U39="-","-","")) -> - | CX39: =IF(V39="x","x",IF(V39="-","-","")) -> - | CY39: =IF(W39="x","x",IF(W39="-","-","")) -> - | CZ39: - | DA39: - | DB39: - | DC39: - | DE39: =IF(Y39="x","x",IF(Y39="-","-","")) -> - | DF39: =IF(Z39="x","x",IF(Z39="-","-","")) -> - | DG39: =IF(AA39="x","x",IF(AA39="-","-","")) -> - | DH39: =IF(AB39="x","x",IF(AB39="-","-","")) -> - | DI39: =IF(AC39="x","x",IF(AC39="-","-","")) -> - | DJ39: =IF(AD39="x","x",IF(AD39="-","-","")) -> - | DK39: =IF(AE39="x","x",IF(AE39="-","-","")) -> - | DL39: =IF(AF39="x","x",IF(AF39="-","-","")) -> - | DM39: - | DN39: - | DO39: - | DP39: -
A40: yes | B40: 39 | C40: TST039 | D40: green | E40: SLink | F40: 39 | G40: - | H40: - | I40: - | J40: yes | K40: 10 | L40: yes | M40: 780 | P40: - | Q40: - | R40: - | S40: - | T40: - | U40: - | V40: - | W40: - | Y40: - | Z40: - | AA40: - | AB40: - | AC40: - | AD40: - | AE40: - | AF40: - | AH40: yes | AI40: yes | AN40: x | BJ40: - | BK40: - | BL40: - | BM40: - | BN40: - | BO40: - | BP40: - | BQ40: - | BS40: =IF(AK40="x","x",IF(AK40="-","-","")) | BT40: =IF(AL40="x","x",IF(AL40="-","-","")) | BU40: =IF(AM40="x","x",IF(AM40="-","-","")) | BV40: =IF(AN40="x","x",IF(AN40="-","-","")) -> x | BW40: =IF(AO40="x","x",IF(AO40="-","-","")) | BX40: =IF(AP40="x","x",IF(AP40="-","-","")) | BY40: =IF(AQ40="x","x",IF(AQ40="-","-","")) | BZ40: =IF(AR40="x","x",IF(AR40="-","-","")) | ... CP40: =IF(BH40="x","x",IF(BH40="-","-","")) | CR40: =IF(P40="x","x",IF(P40="-","-","")) -> - | CS40: =IF(Q40="x","x",IF(Q40="-","-","")) -> - | CT40: =IF(R40="x","x",IF(R40="-","-","")) -> - | CU40: =IF(S40="x","x",IF(S40="-","-","")) -> - | CV40: =IF(T40="x","x",IF(T40="-","-","")) -> - | CW40: =IF(U40="x","x",IF(U40="-","-","")) -> - | CX40: =IF(V40="x","x",IF(V40="-","-","")) -> - | CY40: =IF(W40="x","x",IF(W40="-","-","")) -> - | CZ40: - | DA40: - | DB40: - | DC40: - | DE40: =IF(Y40="x","x",IF(Y40="-","-","")) -> - | DF40: =IF(Z40="x","x",IF(Z40="-","-","")) -> - | DG40: =IF(AA40="x","x",IF(AA40="-","-","")) -> - | DH40: =IF(AB40="x","x",IF(AB40="-","-","")) -> - | DI40: =IF(AC40="x","x",IF(AC40="-","-","")) -> - | DJ40: =IF(AD40="x","x",IF(AD40="-","-","")) -> - | DK40: =IF(AE40="x","x",IF(AE40="-","-","")) -> - | DL40: =IF(AF40="x","x",IF(AF40="-","-","")) -> - | DM40: - | DN40: - | DO40: - | DP40: -
A41: yes | B41: 40 | C41: TST040 | D41: green | E41: SLink | F41: 40 | G41: - | H41: - | I41: - | J41: no | K41: 5 | L41: no | M41: 800 | P41: - | Q41: - | R41: - | S41: - | T41: - | U41: - | V41: - | W41: - | Y41: - | Z41: - | AA41: - | AB41: - | AC41: - | AD41: - | AE41: - | AF41: - | AH41: yes | AI41: yes | AN41: x | BJ41: - | BK41: - | BL41: - | BM41: - | BN41: - | BO41: - | BP41: - | BQ41: - | BS41: =IF(AK41="x","x",IF(AK41="-","-","")) | BT41: =IF(AL41="x","x",IF(AL41="-","-","")) | BU41: =IF(AM41="x","x",IF(AM41="-","-","")) | BV41: =IF(AN41="x","x",IF(AN41="-","-","")) -> x | BW41: =IF(AO41="x","x",IF(AO41="-","-","")) | BX41: =IF(AP41="x","x",IF(AP41="-","-","")) | BY41: =IF(AQ41="x","x",IF(AQ41="-","-","")) | BZ41: =IF(AR41="x","x",IF(AR41="-","-","")) | ... CP41: =IF(BH41="x","x",IF(BH41="-","-","")) | CR41: =IF(P41="x","x",IF(P41="-","-","")) -> - | CS41: =IF(Q41="x","x",IF(Q41="-","-","")) -> - | CT41: =IF(R41="x","x",IF(R41="-","-","")) -> - | CU41: =IF(S41="x","x",IF(S41="-","-","")) -> - | CV41: =IF(T41="x","x",IF(T41="-","-","")) -> - | CW41: =IF(U41="x","x",IF(U41="-","-","")) -> - | CX41: =IF(V41="x","x",IF(V41="-","-","")) -> - | CY41: =IF(W41="x","x",IF(W41="-","-","")) -> - | CZ41: - | DA41: - | DB41: - | DC41: - | DE41: =IF(Y41="x","x",IF(Y41="-","-","")) -> - | DF41: =IF(Z41="x","x",IF(Z41="-","-","")) -> - | DG41: =IF(AA41="x","x",IF(AA41="-","-","")) -> - | DH41: =IF(AB41="x","x",IF(AB41="-","-","")) -> - | DI41: =IF(AC41="x","x",IF(AC41="-","-","")) -> - | DJ41: =IF(AD41="x","x",IF(AD41="-","-","")) -> - | DK41: =IF(AE41="x","x",IF(AE41="-","-","")) -> - | DL41: =IF(AF41="x","x",IF(AF41="-","-","")) -> - | DM41: - | DN41: - | DO41: - | DP41: -
A42: yes | B42: 41 | C42: TST041 | D42: green | E42: SLink | F42: 41 | G42: - | H42: - | I42: - | J42: yes | K42: 0 | L42: yes | M42: 820 | P42: - | Q42: - | R42: - | S42: - | T42: - | U42: - | V42: - | W42: - | Y42: - | Z42: - | AA42: - | AB42: - | AC42: - | AD42: - | AE42: - | AF42: - | AH42: yes | AI42: yes | AN42: x | BJ42: - | BK42: - | BL42: - | BM42: - | BN42: - | BO42: - | BP42: - | BQ42: - | BS42: =IF(AK42="x","x",IF(AK42="-","-","")) | BT42: =IF(AL42="x","x",IF(AL42="-","-","")) | BU42: =IF(AM42="x","x",IF(AM42="-","-","")) | BV42: =IF(AN42="x","x",IF(AN42="-","-","")) -> x | BW42: =IF(AO42="x","x",IF(AO42="-","-","")) | BX42: =IF(AP42="x","x",IF(AP42="-","-","")) | BY42: =IF(AQ42="x","x",IF(AQ42="-","-","")) | BZ42: =IF(AR42="x","x",IF(AR42="-","-","")) | ... CP42: =IF(BH42="x","x",IF(BH42="-","-","")) | CR42: =IF(P42="x","x",IF(P42="-","-","")) -> - | CS42: =IF(Q42="x","x",IF(Q42="-","-","")) -> - | CT42: =IF(R42="x","x",IF(R42="-","-","")) -> - | CU42: =IF(S42="x","x",IF(S42="-","-","")) -> - | CV42: =IF(T42="x","x",IF(T42="-","-","")) -> - | CW42: =IF(U42="x","x",IF(U42="-","-","")) -> - | CX42: =IF(V42="x","x",IF(V42="-","-","")) -> - | CY42: =IF(W42="x","x",IF(W42="-","-","")) -> - | CZ42: - | DA42: - | DB42: - | DC42: - | DE42: =IF(Y42="x","x",IF(Y42="-","-","")) -> - | DF42: =IF(Z42="x","x",IF(Z42="-","-","")) -> - | DG42: =IF(AA42="x","x",IF(AA42="-","-","")) -> - | DH42: =IF(AB42="x","x",IF(AB42="-","-","")) -> - | DI42: =IF(AC42="x","x",IF(AC42="-","-","")) -> - | DJ42: =IF(AD42="x","x",IF(AD42="-","-","")) -> - | DK42: =IF(AE42="x","x",IF(AE42="-","-","")) -> - | DL42: =IF(AF42="x","x",IF(AF42="-","-","")) -> - | DM42: - | DN42: - | DO42: - | DP42: -
A43: yes | B43: 42 | C43: TST042 | D43: green | E43: SLink | F43: 42 | G43: - | H43: - | I43: - | J43: no | K43: -5 | L43: no | M43: 840 | P43: - | Q43: - | R43: - | S43: - | T43: - | U43: - | V43: - | W43: - | Y43: - | Z43: - | AA43: - | AB43: - | AC43: - | AD43: - | AE43: - | AF43: - | AH43: yes | AI43: yes | AN43: x | BJ43: - | BK43: - | BL43: - | BM43: - | BN43: - | BO43: - | BP43: - | BQ43: - | BS43: =IF(AK43="x","x",IF(AK43="-","-","")) | BT43: =IF(AL43="x","x",IF(AL43="-","-","")) | BU43: =IF(AM43="x","x",IF(AM43="-","-","")) | BV43: =IF(AN43="x","x",IF(AN43="-","-","")) -> x | BW43: =IF(AO43="x","x",IF(AO43="-","-","")) | BX43: =IF(AP43="x","x",IF(AP43="-","-","")) | BY43: =IF(AQ43="x","x",IF(AQ43="-","-","")) | BZ43: =IF(AR43="x","x",IF(AR43="-","-","")) | ... CP43: =IF(BH43="x","x",IF(BH43="-","-","")) | CR43: =IF(P43="x","x",IF(P43="-","-","")) -> - | CS43: =IF(Q43="x","x",IF(Q43="-","-","")) -> - | CT43: =IF(R43="x","x",IF(R43="-","-","")) -> - | CU43: =IF(S43="x","x",IF(S43="-","-","")) -> - | CV43: =IF(T43="x","x",IF(T43="-","-","")) -> - | CW43: =IF(U43="x","x",IF(U43="-","-","")) -> - | CX43: =IF(V43="x","x",IF(V43="-","-","")) -> - | CY43: =IF(W43="x","x",IF(W43="-","-","")) -> - | CZ43: - | DA43: - | DB43: - | DC43: - | DE43: =IF(Y43="x","x",IF(Y43="-","-","")) -> - | DF43: =IF(Z43="x","x",IF(Z43="-","-","")) -> - | DG43: =IF(AA43="x","x",IF(AA43="-","-","")) -> - | DH43: =IF(AB43="x","x",IF(AB43="-","-","")) -> - | DI43: =IF(AC43="x","x",IF(AC43="-","-","")) -> - | DJ43: =IF(AD43="x","x",IF(AD43="-","-","")) -> - | DK43: =IF(AE43="x","x",IF(AE43="-","-","")) -> - | DL43: =IF(AF43="x","x",IF(AF43="-","-","")) -> - | DM43: - | DN43: - | DO43: - | DP43: -
A44: yes | B44: 43 | C44: TST043 | D44: green | E44: SLink | F44: 43 | G44: - | H44: - | I44: - | J44: yes | K44: -10 | L44: yes | M44: 860 | P44: - | Q44: - | R44: - | S44: - | T44: - | U44: - | V44: - | W44: - | Y44: - | Z44: - | AA44: - | AB44: - | AC44: - | AD44: - | AE44: - | AF44: - | AH44: yes | AI44: yes | AN44: x | BJ44: - | BK44: - | BL44: - | BM44: - | BN44: - | BO44: - | BP44: - | BQ44: - | BS44: =IF(AK44="x","x",IF(AK44="-","-","")) | BT44: =IF(AL44="x","x",IF(AL44="-","-","")) | BU44: =IF(AM44="x","x",IF(AM44="-","-","")) | BV44: =IF(AN44="x","x",IF(AN44="-","-","")) -> x | BW44: =IF(AO44="x","x",IF(AO44="-","-","")) | BX44: =IF(AP44="x","x",IF(AP44="-","-","")) | BY44: =IF(AQ44="x","x",IF(AQ44="-","-","")) | BZ44: =IF(AR44="x","x",IF(AR44="-","-","")) | ... CP44: =IF(BH44="x","x",IF(BH44="-","-","")) | CR44: =IF(P44="x","x",IF(P44="-","-","")) -> - | CS44: =IF(Q44="x","x",IF(Q44="-","-","")) -> - | CT44: =IF(R44="x","x",IF(R44="-","-","")) -> - | CU44: =IF(S44="x","x",IF(S44="-","-","")) -> - | CV44: =IF(T44="x","x",IF(T44="-","-","")) -> - | CW44: =IF(U44="x","x",IF(U44="-","-","")) -> - | CX44: =IF(V44="x","x",IF(V44="-","-","")) -> - | CY44: =IF(W44="x","x",IF(W44="-","-","")) -> - | CZ44: - | DA44: - | DB44: - | DC44: - | DE44: =IF(Y44="x","x",IF(Y44="-","-","")) -> - | DF44: =IF(Z44="x","x",IF(Z44="-","-","")) -> - | DG44: =IF(AA44="x","x",IF(AA44="-","-","")) -> - | DH44: =IF(AB44="x","x",IF(AB44="-","-","")) -> - | DI44: =IF(AC44="x","x",IF(AC44="-","-","")) -> - | DJ44: =IF(AD44="x","x",IF(AD44="-","-","")) -> - | DK44: =IF(AE44="x","x",IF(AE44="-","-","")) -> - | DL44: =IF(AF44="x","x",IF(AF44="-","-","")) -> - | DM44: - | DN44: - | DO44: - | DP44: -
A45: yes | B45: 44 | C45: TST044 | D45: green | E45: SLink | F45: 44 | G45: - | H45: - | I45: - | J45: no | K45: -15 | L45: no | M45: 880 | P45: - | Q45: - | R45: - | S45: - | T45: - | U45: - | V45: - | W45: - | Y45: - | Z45: - | AA45: - | AB45: - | AC45: - | AD45: - | AE45: - | AF45: - | AH45: yes | AI45: yes | AN45: x | BJ45: - | BK45: - | BL45: - | BM45: - | BN45: - | BO45: - | BP45: - | BQ45: - | BS45: =IF(AK45="x","x",IF(AK45="-","-","")) | BT45: =IF(AL45="x","x",IF(AL45="-","-","")) | BU45: =IF(AM45="x","x",IF(AM45="-","-","")) | BV45: =IF(AN45="x","x",IF(AN45="-","-","")) -> x | BW45: =IF(AO45="x","x",IF(AO45="-","-","")) | BX45: =IF(AP45="x","x",IF(AP45="-","-","")) | BY45: =IF(AQ45="x","x",IF(AQ45="-","-","")) | BZ45: =IF(AR45="x","x",IF(AR45="-","-","")) | ... CP45: =IF(BH45="x","x",IF(BH45="-","-","")) | CR45: =IF(P45="x","x",IF(P45="-","-","")) -> - | CS45: =IF(Q45="x","x",IF(Q45="-","-","")) -> - | CT45: =IF(R45="x","x",IF(R45="-","-","")) -> - | CU45: =IF(S45="x","x",IF(S45="-","-","")) -> - | CV45: =IF(T45="x","x",IF(T45="-","-","")) -> - | CW45: =IF(U45="x","x",IF(U45="-","-","")) -> - | CX45: =IF(V45="x","x",IF(V45="-","-","")) -> - | CY45: =IF(W45="x","x",IF(W45="-","-","")) -> - | CZ45: - | DA45: - | DB45: - | DC45: - | DE45: =IF(Y45="x","x",IF(Y45="-","-","")) -> - | DF45: =IF(Z45="x","x",IF(Z45="-","-","")) -> - | DG45: =IF(AA45="x","x",IF(AA45="-","-","")) -> - | DH45: =IF(AB45="x","x",IF(AB45="-","-","")) -> - | DI45: =IF(AC45="x","x",IF(AC45="-","-","")) -> - | DJ45: =IF(AD45="x","x",IF(AD45="-","-","")) -> - | DK45: =IF(AE45="x","x",IF(AE45="-","-","")) -> - | DL45: =IF(AF45="x","x",IF(AF45="-","-","")) -> - | DM45: - | DN45: - | DO45: - | DP45: -
A46: yes | B46: 45 | C46: TST045 | D46: green | E46: SLink | F46: 45 | G46: - | H46: - | I46: - | J46: yes | K46: -20 | L46: yes | M46: 900 | P46: - | Q46: - | R46: - | S46: - | T46: - | U46: - | V46: - | W46: - | Y46: - | Z46: - | AA46: - | AB46: - | AC46: - | AD46: - | AE46: - | AF46: - | AH46: yes | AI46: yes | AN46: x | BJ46: - | BK46: - | BL46: - | BM46: - | BN46: - | BO46: - | BP46: - | BQ46: - | BS46: =IF(AK46="x","x",IF(AK46="-","-","")) | BT46: =IF(AL46="x","x",IF(AL46="-","-","")) | BU46: =IF(AM46="x","x",IF(AM46="-","-","")) | BV46: =IF(AN46="x","x",IF(AN46="-","-","")) -> x | BW46: =IF(AO46="x","x",IF(AO46="-","-","")) | BX46: =IF(AP46="x","x",IF(AP46="-","-","")) | BY46: =IF(AQ46="x","x",IF(AQ46="-","-","")) | BZ46: =IF(AR46="x","x",IF(AR46="-","-","")) | ... CP46: =IF(BH46="x","x",IF(BH46="-","-","")) | CR46: =IF(P46="x","x",IF(P46="-","-","")) -> - | CS46: =IF(Q46="x","x",IF(Q46="-","-","")) -> - | CT46: =IF(R46="x","x",IF(R46="-","-","")) -> - | CU46: =IF(S46="x","x",IF(S46="-","-","")) -> - | CV46: =IF(T46="x","x",IF(T46="-","-","")) -> - | CW46: =IF(U46="x","x",IF(U46="-","-","")) -> - | CX46: =IF(V46="x","x",IF(V46="-","-","")) -> - | CY46: =IF(W46="x","x",IF(W46="-","-","")) -> - | CZ46: - | DA46: - | DB46: - | DC46: - | DE46: =IF(Y46="x","x",IF(Y46="-","-","")) -> - | DF46: =IF(Z46="x","x",IF(Z46="-","-","")) -> - | DG46: =IF(AA46="x","x",IF(AA46="-","-","")) -> - | DH46: =IF(AB46="x","x",IF(AB46="-","-","")) -> - | DI46: =IF(AC46="x","x",IF(AC46="-","-","")) -> - | DJ46: =IF(AD46="x","x",IF(AD46="-","-","")) -> - | DK46: =IF(AE46="x","x",IF(AE46="-","-","")) -> - | DL46: =IF(AF46="x","x",IF(AF46="-","-","")) -> - | DM46: - | DN46: - | DO46: - | DP46: -
A47: yes | B47: 46 | C47: TST046 | D47: green | E47: SLink | F47: 46 | G47: - | H47: - | I47: - | J47: no | K47: -25 | L47: no | M47: 920 | P47: - | Q47: - | R47: - | S47: - | T47: - | U47: - | V47: - | W47: - | Y47: - | Z47: - | AA47: - | AB47: - | AC47: - | AD47: - | AE47: - | AF47: - | AH47: yes | AI47: yes | AN47: x | BJ47: - | BK47: - | BL47: - | BM47: - | BN47: - | BO47: - | BP47: - | BQ47: - | BS47: =IF(AK47="x","x",IF(AK47="-","-","")) | BT47: =IF(AL47="x","x",IF(AL47="-","-","")) | BU47: =IF(AM47="x","x",IF(AM47="-","-","")) | BV47: =IF(AN47="x","x",IF(AN47="-","-","")) -> x | BW47: =IF(AO47="x","x",IF(AO47="-","-","")) | BX47: =IF(AP47="x","x",IF(AP47="-","-","")) | BY47: =IF(AQ47="x","x",IF(AQ47="-","-","")) | BZ47: =IF(AR47="x","x",IF(AR47="-","-","")) | ... CP47: =IF(BH47="x","x",IF(BH47="-","-","")) | CR47: =IF(P47="x","x",IF(P47="-","-","")) -> - | CS47: =IF(Q47="x","x",IF(Q47="-","-","")) -> - | CT47: =IF(R47="x","x",IF(R47="-","-","")) -> - | CU47: =IF(S47="x","x",IF(S47="-","-","")) -> - | CV47: =IF(T47="x","x",IF(T47="-","-","")) -> - | CW47: =IF(U47="x","x",IF(U47="-","-","")) -> - | CX47: =IF(V47="x","x",IF(V47="-","-","")) -> - | CY47: =IF(W47="x","x",IF(W47="-","-","")) -> - | CZ47: - | DA47: - | DB47: - | DC47: - | DE47: =IF(Y47="x","x",IF(Y47="-","-","")) -> - | DF47: =IF(Z47="x","x",IF(Z47="-","-","")) -> - | DG47: =IF(AA47="x","x",IF(AA47="-","-","")) -> - | DH47: =IF(AB47="x","x",IF(AB47="-","-","")) -> - | DI47: =IF(AC47="x","x",IF(AC47="-","-","")) -> - | DJ47: =IF(AD47="x","x",IF(AD47="-","-","")) -> - | DK47: =IF(AE47="x","x",IF(AE47="-","-","")) -> - | DL47: =IF(AF47="x","x",IF(AF47="-","-","")) -> - | DM47: - | DN47: - | DO47: - | DP47: -
A48: yes | B48: 47 | C48: TST047 | D48: green | E48: SLink | F48: 47 | G48: - | H48: - | I48: - | J48: yes | K48: -30 | L48: yes | M48: 940 | P48: - | Q48: - | R48: - | S48: - | T48: - | U48: - | V48: - | W48: - | Y48: - | Z48: - | AA48: - | AB48: - | AC48: - | AD48: - | AE48: - | AF48: - | AH48: yes | AI48: yes | AN48: x | BJ48: - | BK48: - | BL48: - | BM48: - | BN48: - | BO48: - | BP48: - | BQ48: - | BS48: =IF(AK48="x","x",IF(AK48="-","-","")) | BT48: =IF(AL48="x","x",IF(AL48="-","-","")) | BU48: =IF(AM48="x","x",IF(AM48="-","-","")) | BV48: =IF(AN48="x","x",IF(AN48="-","-","")) -> x | BW48: =IF(AO48="x","x",IF(AO48="-","-","")) | BX48: =IF(AP48="x","x",IF(AP48="-","-","")) | BY48: =IF(AQ48="x","x",IF(AQ48="-","-","")) | BZ48: =IF(AR48="x","x",IF(AR48="-","-","")) | ... CP48: =IF(BH48="x","x",IF(BH48="-","-","")) | CR48: =IF(P48="x","x",IF(P48="-","-","")) -> - | CS48: =IF(Q48="x","x",IF(Q48="-","-","")) -> - | CT48: =IF(R48="x","x",IF(R48="-","-","")) -> - | CU48: =IF(S48="x","x",IF(S48="-","-","")) -> - | CV48: =IF(T48="x","x",IF(T48="-","-","")) -> - | CW48: =IF(U48="x","x",IF(U48="-","-","")) -> - | CX48: =IF(V48="x","x",IF(V48="-","-","")) -> - | CY48: =IF(W48="x","x",IF(W48="-","-","")) -> - | CZ48: - | DA48: - | DB48: - | DC48: - | DE48: =IF(Y48="x","x",IF(Y48="-","-","")) -> - | DF48: =IF(Z48="x","x",IF(Z48="-","-","")) -> - | DG48: =IF(AA48="x","x",IF(AA48="-","-","")) -> - | DH48: =IF(AB48="x","x",IF(AB48="-","-","")) -> - | DI48: =IF(AC48="x","x",IF(AC48="-","-","")) -> - | DJ48: =IF(AD48="x","x",IF(AD48="-","-","")) -> - | DK48: =IF(AE48="x","x",IF(AE48="-","-","")) -> - | DL48: =IF(AF48="x","x",IF(AF48="-","-","")) -> - | DM48: - | DN48: - | DO48: - | DP48: -
A49: yes | B49: 48 | C49: TST048 | D49: green | E49: SLink | F49: 48 | G49: - | H49: - | I49: - | J49: no | K49: -35 | L49: no | M49: 960 | P49: - | Q49: - | R49: - | S49: - | T49: - | U49: - | V49: - | W49: - | Y49: - | Z49: - | AA49: - | AB49: - | AC49: - | AD49: - | AE49: - | AF49: - | AH49: yes | AI49: yes | AN49: x | BJ49: - | BK49: - | BL49: - | BM49: - | BN49: - | BO49: - | BP49: - | BQ49: - | BS49: =IF(AK49="x","x",IF(AK49="-","-","")) | BT49: =IF(AL49="x","x",IF(AL49="-","-","")) | BU49: =IF(AM49="x","x",IF(AM49="-","-","")) | BV49: =IF(AN49="x","x",IF(AN49="-","-","")) -> x | BW49: =IF(AO49="x","x",IF(AO49="-","-","")) | BX49: =IF(AP49="x","x",IF(AP49="-","-","")) | BY49: =IF(AQ49="x","x",IF(AQ49="-","-","")) | BZ49: =IF(AR49="x","x",IF(AR49="-","-","")) | ... CP49: =IF(BH49="x","x",IF(BH49="-","-","")) | CR49: =IF(P49="x","x",IF(P49="-","-","")) -> - | CS49: =IF(Q49="x","x",IF(Q49="-","-","")) -> - | CT49: =IF(R49="x","x",IF(R49="-","-","")) -> - | CU49: =IF(S49="x","x",IF(S49="-","-","")) -> - | CV49: =IF(T49="x","x",IF(T49="-","-","")) -> - | CW49: =IF(U49="x","x",IF(U49="-","-","")) -> - | CX49: =IF(V49="x","x",IF(V49="-","-","")) -> - | CY49: =IF(W49="x","x",IF(W49="-","-","")) -> - | CZ49: - | DA49: - | DB49: - | DC49: - | DE49: =IF(Y49="x","x",IF(Y49="-","-","")) -> - | DF49: =IF(Z49="x","x",IF(Z49="-","-","")) -> - | DG49: =IF(AA49="x","x",IF(AA49="-","-","")) -> - | DH49: =IF(AB49="x","x",IF(AB49="-","-","")) -> - | DI49: =IF(AC49="x","x",IF(AC49="-","-","")) -> - | DJ49: =IF(AD49="x","x",IF(AD49="-","-","")) -> - | DK49: =IF(AE49="x","x",IF(AE49="-","-","")) -> - | DL49: =IF(AF49="x","x",IF(AF49="-","-","")) -> - | DM49: - | DN49: - | DO49: - | DP49: -
A50: yes | B50: 49 | C50: TST049 | D50: light blue | E50: SLink | F50: 49 | G50: - | H50: - | I50: - | J50: yes | K50: -40 | L50: yes | M50: 980 | N50: yes | P50: - | Q50: - | R50: - | S50: - | T50: - | U50: - | V50: - | W50: - | Y50: - | Z50: - | AA50: - | AB50: - | AC50: - | AD50: - | AE50: - | AF50: - | AH50: yes | AI50: yes | AO50: x | BJ50: - | BK50: - | BL50: - | BM50: - | BN50: - | BO50: - | BP50: - | BQ50: - | BS50: =IF(AK50="x","x",IF(AK50="-","-","")) | BT50: =IF(AL50="x","x",IF(AL50="-","-","")) | BU50: =IF(AM50="x","x",IF(AM50="-","-","")) | BV50: =IF(AN50="x","x",IF(AN50="-","-","")) | BW50: =IF(AO50="x","x",IF(AO50="-","-","")) -> x | BX50: =IF(AP50="x","x",IF(AP50="-","-","")) | BY50: =IF(AQ50="x","x",IF(AQ50="-","-","")) | BZ50: =IF(AR50="x","x",IF(AR50="-","-","")) | ... CP50: =IF(BH50="x","x",IF(BH50="-","-","")) | CR50: =IF(P50="x","x",IF(P50="-","-","")) -> - | CS50: =IF(Q50="x","x",IF(Q50="-","-","")) -> - | CT50: =IF(R50="x","x",IF(R50="-","-","")) -> - | CU50: =IF(S50="x","x",IF(S50="-","-","")) -> - | CV50: =IF(T50="x","x",IF(T50="-","-","")) -> - | CW50: =IF(U50="x","x",IF(U50="-","-","")) -> - | CX50: =IF(V50="x","x",IF(V50="-","-","")) -> - | CY50: =IF(W50="x","x",IF(W50="-","-","")) -> - | CZ50: - | DA50: - | DB50: - | DC50: - | DE50: =IF(Y50="x","x",IF(Y50="-","-","")) -> - | DF50: =IF(Z50="x","x",IF(Z50="-","-","")) -> - | DG50: =IF(AA50="x","x",IF(AA50="-","-","")) -> - | DH50: =IF(AB50="x","x",IF(AB50="-","-","")) -> - | DI50: =IF(AC50="x","x",IF(AC50="-","-","")) -> - | DJ50: =IF(AD50="x","x",IF(AD50="-","-","")) -> - | DK50: =IF(AE50="x","x",IF(AE50="-","-","")) -> - | DL50: =IF(AF50="x","x",IF(AF50="-","-","")) -> - | DM50: - | DN50: - | DO50: - | DP50: -
A51: yes | B51: 50 | C51: TST050 | D51: light blue | E51: SLink | F51: 50 | G51: - | H51: - | I51: - | J51: no | K51: -45 | L51: no | M51: 1000 | N51: no | P51: - | Q51: - | R51: - | S51: - | T51: - | U51: - | V51: - | W51: - | Y51: - | Z51: - | AA51: - | AB51: - | AC51: - | AD51: - | AE51: - | AF51: - | AH51: yes | AI51: yes | AO51: x | BJ51: - | BK51: - | BL51: - | BM51: - | BN51: - | BO51: - | BP51: - | BQ51: - | BS51: =IF(AK51="x","x",IF(AK51="-","-","")) | BT51: =IF(AL51="x","x",IF(AL51="-","-","")) | BU51: =IF(AM51="x","x",IF(AM51="-","-","")) | BV51: =IF(AN51="x","x",IF(AN51="-","-","")) | BW51: =IF(AO51="x","x",IF(AO51="-","-","")) -> x | BX51: =IF(AP51="x","x",IF(AP51="-","-","")) | BY51: =IF(AQ51="x","x",IF(AQ51="-","-","")) | BZ51: =IF(AR51="x","x",IF(AR51="-","-","")) | ... CP51: =IF(BH51="x","x",IF(BH51="-","-","")) | CR51: =IF(P51="x","x",IF(P51="-","-","")) -> - | CS51: =IF(Q51="x","x",IF(Q51="-","-","")) -> - | CT51: =IF(R51="x","x",IF(R51="-","-","")) -> - | CU51: =IF(S51="x","x",IF(S51="-","-","")) -> - | CV51: =IF(T51="x","x",IF(T51="-","-","")) -> - | CW51: =IF(U51="x","x",IF(U51="-","-","")) -> - | CX51: =IF(V51="x","x",IF(V51="-","-","")) -> - | CY51: =IF(W51="x","x",IF(W51="-","-","")) -> - | CZ51: - | DA51: - | DB51: - | DC51: - | DE51: =IF(Y51="x","x",IF(Y51="-","-","")) -> - | DF51: =IF(Z51="x","x",IF(Z51="-","-","")) -> - | DG51: =IF(AA51="x","x",IF(AA51="-","-","")) -> - | DH51: =IF(AB51="x","x",IF(AB51="-","-","")) -> - | DI51: =IF(AC51="x","x",IF(AC51="-","-","")) -> - | DJ51: =IF(AD51="x","x",IF(AD51="-","-","")) -> - | DK51: =IF(AE51="x","x",IF(AE51="-","-","")) -> - | DL51: =IF(AF51="x","x",IF(AF51="-","-","")) -> - | DM51: - | DN51: - | DO51: - | DP51: -
A52: yes | B52: 51 | C52: TST051 | D52: light blue | E52: SLink | F52: 51 | G52: - | H52: - | I52: - | J52: yes | K52: -99 | L52: yes | M52: 1020 | N52: yes | P52: - | Q52: - | R52: - | S52: - | T52: - | U52: - | V52: - | W52: - | Y52: - | Z52: - | AA52: - | AB52: - | AC52: - | AD52: - | AE52: - | AF52: - | AH52: yes | AI52: yes | AO52: x | BJ52: - | BK52: - | BL52: - | BM52: - | BN52: - | BO52: - | BP52: - | BQ52: - | BS52: =IF(AK52="x","x",IF(AK52="-","-","")) | BT52: =IF(AL52="x","x",IF(AL52="-","-","")) | BU52: =IF(AM52="x","x",IF(AM52="-","-","")) | BV52: =IF(AN52="x","x",IF(AN52="-","-","")) | BW52: =IF(AO52="x","x",IF(AO52="-","-","")) -> x | BX52: =IF(AP52="x","x",IF(AP52="-","-","")) | BY52: =IF(AQ52="x","x",IF(AQ52="-","-","")) | BZ52: =IF(AR52="x","x",IF(AR52="-","-","")) | ... CP52: =IF(BH52="x","x",IF(BH52="-","-","")) | CR52: =IF(P52="x","x",IF(P52="-","-","")) -> - | CS52: =IF(Q52="x","x",IF(Q52="-","-","")) -> - | CT52: =IF(R52="x","x",IF(R52="-","-","")) -> - | CU52: =IF(S52="x","x",IF(S52="-","-","")) -> - | CV52: =IF(T52="x","x",IF(T52="-","-","")) -> - | CW52: =IF(U52="x","x",IF(U52="-","-","")) -> - | CX52: =IF(V52="x","x",IF(V52="-","-","")) -> - | CY52: =IF(W52="x","x",IF(W52="-","-","")) -> - | CZ52: - | DA52: - | DB52: - | DC52: - | DE52: =IF(Y52="x","x",IF(Y52="-","-","")) -> - | DF52: =IF(Z52="x","x",IF(Z52="-","-","")) -> - | DG52: =IF(AA52="x","x",IF(AA52="-","-","")) -> - | DH52: =IF(AB52="x","x",IF(AB52="-","-","")) -> - | DI52: =IF(AC52="x","x",IF(AC52="-","-","")) -> - | DJ52: =IF(AD52="x","x",IF(AD52="-","-","")) -> - | DK52: =IF(AE52="x","x",IF(AE52="-","-","")) -> - | DL52: =IF(AF52="x","x",IF(AF52="-","-","")) -> - | DM52: - | DN52: - | DO52: - | DP52: -
A53: yes | B53: 52 | C53: TST052 | D53: light blue | E53: SLink | F53: 52 | G53: - | H53: - | I53: - | J53: no | K53: 10 | L53: no | M53: 1040 | N53: no | P53: - | Q53: - | R53: - | S53: - | T53: - | U53: - | V53: - | W53: - | Y53: - | Z53: - | AA53: - | AB53: - | AC53: - | AD53: - | AE53: - | AF53: - | AH53: yes | AI53: yes | AO53: x | BJ53: - | BK53: - | BL53: - | BM53: - | BN53: - | BO53: - | BP53: - | BQ53: - | BS53: =IF(AK53="x","x",IF(AK53="-","-","")) | BT53: =IF(AL53="x","x",IF(AL53="-","-","")) | BU53: =IF(AM53="x","x",IF(AM53="-","-","")) | BV53: =IF(AN53="x","x",IF(AN53="-","-","")) | BW53: =IF(AO53="x","x",IF(AO53="-","-","")) -> x | BX53: =IF(AP53="x","x",IF(AP53="-","-","")) | BY53: =IF(AQ53="x","x",IF(AQ53="-","-","")) | BZ53: =IF(AR53="x","x",IF(AR53="-","-","")) | ... CP53: =IF(BH53="x","x",IF(BH53="-","-","")) | CR53: =IF(P53="x","x",IF(P53="-","-","")) -> - | CS53: =IF(Q53="x","x",IF(Q53="-","-","")) -> - | CT53: =IF(R53="x","x",IF(R53="-","-","")) -> - | CU53: =IF(S53="x","x",IF(S53="-","-","")) -> - | CV53: =IF(T53="x","x",IF(T53="-","-","")) -> - | CW53: =IF(U53="x","x",IF(U53="-","-","")) -> - | CX53: =IF(V53="x","x",IF(V53="-","-","")) -> - | CY53: =IF(W53="x","x",IF(W53="-","-","")) -> - | CZ53: - | DA53: - | DB53: - | DC53: - | DE53: =IF(Y53="x","x",IF(Y53="-","-","")) -> - | DF53: =IF(Z53="x","x",IF(Z53="-","-","")) -> - | DG53: =IF(AA53="x","x",IF(AA53="-","-","")) -> - | DH53: =IF(AB53="x","x",IF(AB53="-","-","")) -> - | DI53: =IF(AC53="x","x",IF(AC53="-","-","")) -> - | DJ53: =IF(AD53="x","x",IF(AD53="-","-","")) -> - | DK53: =IF(AE53="x","x",IF(AE53="-","-","")) -> - | DL53: =IF(AF53="x","x",IF(AF53="-","-","")) -> - | DM53: - | DN53: - | DO53: - | DP53: -
A54: yes | B54: 53 | C54: TST053 | D54: light blue | E54: SLink | F54: 53 | G54: - | H54: - | I54: - | J54: yes | K54: 5 | L54: yes | M54: 1060 | N54: yes | P54: - | Q54: - | R54: - | S54: - | T54: - | U54: - | V54: - | W54: - | Y54: - | Z54: - | AA54: - | AB54: - | AC54: - | AD54: - | AE54: - | AF54: - | AH54: yes | AI54: yes | AO54: x | BJ54: - | BK54: - | BL54: - | BM54: - | BN54: - | BO54: - | BP54: - | BQ54: - | BS54: =IF(AK54="x","x",IF(AK54="-","-","")) | BT54: =IF(AL54="x","x",IF(AL54="-","-","")) | BU54: =IF(AM54="x","x",IF(AM54="-","-","")) | BV54: =IF(AN54="x","x",IF(AN54="-","-","")) | BW54: =IF(AO54="x","x",IF(AO54="-","-","")) -> x | BX54: =IF(AP54="x","x",IF(AP54="-","-","")) | BY54: =IF(AQ54="x","x",IF(AQ54="-","-","")) | BZ54: =IF(AR54="x","x",IF(AR54="-","-","")) | ... CP54: =IF(BH54="x","x",IF(BH54="-","-","")) | CR54: =IF(P54="x","x",IF(P54="-","-","")) -> - | CS54: =IF(Q54="x","x",IF(Q54="-","-","")) -> - | CT54: =IF(R54="x","x",IF(R54="-","-","")) -> - | CU54: =IF(S54="x","x",IF(S54="-","-","")) -> - | CV54: =IF(T54="x","x",IF(T54="-","-","")) -> - | CW54: =IF(U54="x","x",IF(U54="-","-","")) -> - | CX54: =IF(V54="x","x",IF(V54="-","-","")) -> - | CY54: =IF(W54="x","x",IF(W54="-","-","")) -> - | CZ54: - | DA54: - | DB54: - | DC54: - | DE54: =IF(Y54="x","x",IF(Y54="-","-","")) -> - | DF54: =IF(Z54="x","x",IF(Z54="-","-","")) -> - | DG54: =IF(AA54="x","x",IF(AA54="-","-","")) -> - | DH54: =IF(AB54="x","x",IF(AB54="-","-","")) -> - | DI54: =IF(AC54="x","x",IF(AC54="-","-","")) -> - | DJ54: =IF(AD54="x","x",IF(AD54="-","-","")) -> - | DK54: =IF(AE54="x","x",IF(AE54="-","-","")) -> - | DL54: =IF(AF54="x","x",IF(AF54="-","-","")) -> - | DM54: - | DN54: - | DO54: - | DP54: -
A55: yes | B55: 54 | C55: TST054 | D55: light blue | E55: SLink | F55: 54 | G55: - | H55: - | I55: - | J55: no | K55: 0 | L55: no | M55: 1080 | N55: no | P55: - | Q55: - | R55: - | S55: - | T55: - | U55: - | V55: - | W55: - | Y55: - | Z55: - | AA55: - | AB55: - | AC55: - | AD55: - | AE55: - | AF55: - | AH55: yes | AI55: yes | AO55: x | BJ55: - | BK55: - | BL55: - | BM55: - | BN55: - | BO55: - | BP55: - | BQ55: - | BS55: =IF(AK55="x","x",IF(AK55="-","-","")) | BT55: =IF(AL55="x","x",IF(AL55="-","-","")) | BU55: =IF(AM55="x","x",IF(AM55="-","-","")) | BV55: =IF(AN55="x","x",IF(AN55="-","-","")) | BW55: =IF(AO55="x","x",IF(AO55="-","-","")) -> x | BX55: =IF(AP55="x","x",IF(AP55="-","-","")) | BY55: =IF(AQ55="x","x",IF(AQ55="-","-","")) | BZ55: =IF(AR55="x","x",IF(AR55="-","-","")) | ... CP55: =IF(BH55="x","x",IF(BH55="-","-","")) | CR55: =IF(P55="x","x",IF(P55="-","-","")) -> - | CS55: =IF(Q55="x","x",IF(Q55="-","-","")) -> - | CT55: =IF(R55="x","x",IF(R55="-","-","")) -> - | CU55: =IF(S55="x","x",IF(S55="-","-","")) -> - | CV55: =IF(T55="x","x",IF(T55="-","-","")) -> - | CW55: =IF(U55="x","x",IF(U55="-","-","")) -> - | CX55: =IF(V55="x","x",IF(V55="-","-","")) -> - | CY55: =IF(W55="x","x",IF(W55="-","-","")) -> - | CZ55: - | DA55: - | DB55: - | DC55: - | DE55: =IF(Y55="x","x",IF(Y55="-","-","")) -> - | DF55: =IF(Z55="x","x",IF(Z55="-","-","")) -> - | DG55: =IF(AA55="x","x",IF(AA55="-","-","")) -> - | DH55: =IF(AB55="x","x",IF(AB55="-","-","")) -> - | DI55: =IF(AC55="x","x",IF(AC55="-","-","")) -> - | DJ55: =IF(AD55="x","x",IF(AD55="-","-","")) -> - | DK55: =IF(AE55="x","x",IF(AE55="-","-","")) -> - | DL55: =IF(AF55="x","x",IF(AF55="-","-","")) -> - | DM55: - | DN55: - | DO55: - | DP55: -
A56: yes | B56: 55 | C56: TST055 | D56: light blue | E56: SLink | F56: 55 | G56: - | H56: - | I56: - | J56: yes | K56: -5 | L56: yes | M56: 1100 | N56: yes | P56: - | Q56: - | R56: - | S56: - | T56: - | U56: - | V56: - | W56: - | Y56: - | Z56: - | AA56: - | AB56: - | AC56: - | AD56: - | AE56: - | AF56: - | AH56: yes | AI56: yes | AO56: x | BJ56: - | BK56: - | BL56: - | BM56: - | BN56: - | BO56: - | BP56: - | BQ56: - | BS56: =IF(AK56="x","x",IF(AK56="-","-","")) | BT56: =IF(AL56="x","x",IF(AL56="-","-","")) | BU56: =IF(AM56="x","x",IF(AM56="-","-","")) | BV56: =IF(AN56="x","x",IF(AN56="-","-","")) | BW56: =IF(AO56="x","x",IF(AO56="-","-","")) -> x | BX56: =IF(AP56="x","x",IF(AP56="-","-","")) | BY56: =IF(AQ56="x","x",IF(AQ56="-","-","")) | BZ56: =IF(AR56="x","x",IF(AR56="-","-","")) | ... CP56: =IF(BH56="x","x",IF(BH56="-","-","")) | CR56: =IF(P56="x","x",IF(P56="-","-","")) -> - | CS56: =IF(Q56="x","x",IF(Q56="-","-","")) -> - | CT56: =IF(R56="x","x",IF(R56="-","-","")) -> - | CU56: =IF(S56="x","x",IF(S56="-","-","")) -> - | CV56: =IF(T56="x","x",IF(T56="-","-","")) -> - | CW56: =IF(U56="x","x",IF(U56="-","-","")) -> - | CX56: =IF(V56="x","x",IF(V56="-","-","")) -> - | CY56: =IF(W56="x","x",IF(W56="-","-","")) -> - | CZ56: - | DA56: - | DB56: - | DC56: - | DE56: =IF(Y56="x","x",IF(Y56="-","-","")) -> - | DF56: =IF(Z56="x","x",IF(Z56="-","-","")) -> - | DG56: =IF(AA56="x","x",IF(AA56="-","-","")) -> - | DH56: =IF(AB56="x","x",IF(AB56="-","-","")) -> - | DI56: =IF(AC56="x","x",IF(AC56="-","-","")) -> - | DJ56: =IF(AD56="x","x",IF(AD56="-","-","")) -> - | DK56: =IF(AE56="x","x",IF(AE56="-","-","")) -> - | DL56: =IF(AF56="x","x",IF(AF56="-","-","")) -> - | DM56: - | DN56: - | DO56: - | DP56: -
A57: yes | B57: 56 | C57: TST056 | D57: light blue | E57: SLink | F57: 56 | G57: - | H57: - | I57: - | J57: no | K57: -10 | L57: no | M57: 1120 | N57: no | P57: - | Q57: - | R57: - | S57: - | T57: - | U57: - | V57: - | W57: - | Y57: - | Z57: - | AA57: - | AB57: - | AC57: - | AD57: - | AE57: - | AF57: - | AH57: yes | AI57: yes | AO57: x | BJ57: - | BK57: - | BL57: - | BM57: - | BN57: - | BO57: - | BP57: - | BQ57: - | BS57: =IF(AK57="x","x",IF(AK57="-","-","")) | BT57: =IF(AL57="x","x",IF(AL57="-","-","")) | BU57: =IF(AM57="x","x",IF(AM57="-","-","")) | BV57: =IF(AN57="x","x",IF(AN57="-","-","")) | BW57: =IF(AO57="x","x",IF(AO57="-","-","")) -> x | BX57: =IF(AP57="x","x",IF(AP57="-","-","")) | BY57: =IF(AQ57="x","x",IF(AQ57="-","-","")) | BZ57: =IF(AR57="x","x",IF(AR57="-","-","")) | ... CP57: =IF(BH57="x","x",IF(BH57="-","-","")) | CR57: =IF(P57="x","x",IF(P57="-","-","")) -> - | CS57: =IF(Q57="x","x",IF(Q57="-","-","")) -> - | CT57: =IF(R57="x","x",IF(R57="-","-","")) -> - | CU57: =IF(S57="x","x",IF(S57="-","-","")) -> - | CV57: =IF(T57="x","x",IF(T57="-","-","")) -> - | CW57: =IF(U57="x","x",IF(U57="-","-","")) -> - | CX57: =IF(V57="x","x",IF(V57="-","-","")) -> - | CY57: =IF(W57="x","x",IF(W57="-","-","")) -> - | CZ57: - | DA57: - | DB57: - | DC57: - | DE57: =IF(Y57="x","x",IF(Y57="-","-","")) -> - | DF57: =IF(Z57="x","x",IF(Z57="-","-","")) -> - | DG57: =IF(AA57="x","x",IF(AA57="-","-","")) -> - | DH57: =IF(AB57="x","x",IF(AB57="-","-","")) -> - | DI57: =IF(AC57="x","x",IF(AC57="-","-","")) -> - | DJ57: =IF(AD57="x","x",IF(AD57="-","-","")) -> - | DK57: =IF(AE57="x","x",IF(AE57="-","-","")) -> - | DL57: =IF(AF57="x","x",IF(AF57="-","-","")) -> - | DM57: - | DN57: - | DO57: - | DP57: -
A58: yes | B58: 57 | C58: TST057 | D58: light blue | E58: SLink | F58: 57 | G58: - | H58: - | I58: - | J58: yes | K58: -15 | L58: yes | M58: 1140 | N58: yes | P58: - | Q58: - | R58: - | S58: - | T58: - | U58: - | V58: - | W58: - | Y58: - | Z58: - | AA58: - | AB58: - | AC58: - | AD58: - | AE58: - | AF58: - | AH58: yes | AI58: yes | AO58: x | BJ58: - | BK58: - | BL58: - | BM58: - | BN58: - | BO58: - | BP58: - | BQ58: - | BS58: =IF(AK58="x","x",IF(AK58="-","-","")) | BT58: =IF(AL58="x","x",IF(AL58="-","-","")) | BU58: =IF(AM58="x","x",IF(AM58="-","-","")) | BV58: =IF(AN58="x","x",IF(AN58="-","-","")) | BW58: =IF(AO58="x","x",IF(AO58="-","-","")) -> x | BX58: =IF(AP58="x","x",IF(AP58="-","-","")) | BY58: =IF(AQ58="x","x",IF(AQ58="-","-","")) | BZ58: =IF(AR58="x","x",IF(AR58="-","-","")) | ... CP58: =IF(BH58="x","x",IF(BH58="-","-","")) | CR58: =IF(P58="x","x",IF(P58="-","-","")) -> - | CS58: =IF(Q58="x","x",IF(Q58="-","-","")) -> - | CT58: =IF(R58="x","x",IF(R58="-","-","")) -> - | CU58: =IF(S58="x","x",IF(S58="-","-","")) -> - | CV58: =IF(T58="x","x",IF(T58="-","-","")) -> - | CW58: =IF(U58="x","x",IF(U58="-","-","")) -> - | CX58: =IF(V58="x","x",IF(V58="-","-","")) -> - | CY58: =IF(W58="x","x",IF(W58="-","-","")) -> - | CZ58: - | DA58: - | DB58: - | DC58: - | DE58: =IF(Y58="x","x",IF(Y58="-","-","")) -> - | DF58: =IF(Z58="x","x",IF(Z58="-","-","")) -> - | DG58: =IF(AA58="x","x",IF(AA58="-","-","")) -> - | DH58: =IF(AB58="x","x",IF(AB58="-","-","")) -> - | DI58: =IF(AC58="x","x",IF(AC58="-","-","")) -> - | DJ58: =IF(AD58="x","x",IF(AD58="-","-","")) -> - | DK58: =IF(AE58="x","x",IF(AE58="-","-","")) -> - | DL58: =IF(AF58="x","x",IF(AF58="-","-","")) -> - | DM58: - | DN58: - | DO58: - | DP58: -
A59: yes | B59: 58 | C59: TST058 | D59: light blue | E59: Unassigned | G59: - | H59: - | I59: - | J59: no | K59: -20 | L59: no | M59: 1160 | N59: no | P59: - | Q59: - | R59: - | S59: - | T59: - | U59: - | V59: - | W59: - | Y59: - | Z59: - | AA59: - | AB59: - | AC59: - | AD59: - | AE59: - | AF59: - | AH59: yes | AI59: yes | AO59: x | BJ59: - | BK59: - | BL59: - | BM59: - | BN59: - | BO59: - | BP59: - | BQ59: - | BS59: =IF(AK59="x","x",IF(AK59="-","-","")) | BT59: =IF(AL59="x","x",IF(AL59="-","-","")) | BU59: =IF(AM59="x","x",IF(AM59="-","-","")) | BV59: =IF(AN59="x","x",IF(AN59="-","-","")) | BW59: =IF(AO59="x","x",IF(AO59="-","-","")) -> x | BX59: =IF(AP59="x","x",IF(AP59="-","-","")) | BY59: =IF(AQ59="x","x",IF(AQ59="-","-","")) | BZ59: =IF(AR59="x","x",IF(AR59="-","-","")) | ... CP59: =IF(BH59="x","x",IF(BH59="-","-","")) | CR59: =IF(P59="x","x",IF(P59="-","-","")) -> - | CS59: =IF(Q59="x","x",IF(Q59="-","-","")) -> - | CT59: =IF(R59="x","x",IF(R59="-","-","")) -> - | CU59: =IF(S59="x","x",IF(S59="-","-","")) -> - | CV59: =IF(T59="x","x",IF(T59="-","-","")) -> - | CW59: =IF(U59="x","x",IF(U59="-","-","")) -> - | CX59: =IF(V59="x","x",IF(V59="-","-","")) -> - | CY59: =IF(W59="x","x",IF(W59="-","-","")) -> - | CZ59: - | DA59: - | DB59: - | DC59: - | DE59: =IF(Y59="x","x",IF(Y59="-","-","")) -> - | DF59: =IF(Z59="x","x",IF(Z59="-","-","")) -> - | DG59: =IF(AA59="x","x",IF(AA59="-","-","")) -> - | DH59: =IF(AB59="x","x",IF(AB59="-","-","")) -> - | DI59: =IF(AC59="x","x",IF(AC59="-","-","")) -> - | DJ59: =IF(AD59="x","x",IF(AD59="-","-","")) -> - | DK59: =IF(AE59="x","x",IF(AE59="-","-","")) -> - | DL59: =IF(AF59="x","x",IF(AF59="-","-","")) -> - | DM59: - | DN59: - | DO59: - | DP59: -
A60: yes | B60: 59 | C60: TST059 | D60: light blue | E60: Surface | F60: 1 | G60: - | H60: - | I60: - | J60: yes | K60: -25 | L60: yes | M60: 1180 | N60: yes | P60: - | Q60: - | R60: - | S60: - | T60: - | U60: - | V60: - | W60: - | Y60: - | Z60: - | AA60: - | AB60: - | AC60: - | AD60: - | AE60: - | AF60: - | AH60: yes | AI60: yes | AO60: x | BJ60: - | BK60: - | BL60: - | BM60: - | BN60: - | BO60: - | BP60: - | BQ60: - | BS60: =IF(AK60="x","x",IF(AK60="-","-","")) | BT60: =IF(AL60="x","x",IF(AL60="-","-","")) | BU60: =IF(AM60="x","x",IF(AM60="-","-","")) | BV60: =IF(AN60="x","x",IF(AN60="-","-","")) | BW60: =IF(AO60="x","x",IF(AO60="-","-","")) -> x | BX60: =IF(AP60="x","x",IF(AP60="-","-","")) | BY60: =IF(AQ60="x","x",IF(AQ60="-","-","")) | BZ60: =IF(AR60="x","x",IF(AR60="-","-","")) | ... CP60: =IF(BH60="x","x",IF(BH60="-","-","")) | CR60: =IF(P60="x","x",IF(P60="-","-","")) -> - | CS60: =IF(Q60="x","x",IF(Q60="-","-","")) -> - | CT60: =IF(R60="x","x",IF(R60="-","-","")) -> - | CU60: =IF(S60="x","x",IF(S60="-","-","")) -> - | CV60: =IF(T60="x","x",IF(T60="-","-","")) -> - | CW60: =IF(U60="x","x",IF(U60="-","-","")) -> - | CX60: =IF(V60="x","x",IF(V60="-","-","")) -> - | CY60: =IF(W60="x","x",IF(W60="-","-","")) -> - | CZ60: - | DA60: - | DB60: - | DC60: - | DE60: =IF(Y60="x","x",IF(Y60="-","-","")) -> - | DF60: =IF(Z60="x","x",IF(Z60="-","-","")) -> - | DG60: =IF(AA60="x","x",IF(AA60="-","-","")) -> - | DH60: =IF(AB60="x","x",IF(AB60="-","-","")) -> - | DI60: =IF(AC60="x","x",IF(AC60="-","-","")) -> - | DJ60: =IF(AD60="x","x",IF(AD60="-","-","")) -> - | DK60: =IF(AE60="x","x",IF(AE60="-","-","")) -> - | DL60: =IF(AF60="x","x",IF(AF60="-","-","")) -> - | DM60: - | DN60: - | DO60: - | DP60: -
A61: yes | B61: 60 | C61: TST060 | D61: light blue | E61: SLink | F61: 60 | G61: - | H61: - | I61: - | J61: no | K61: -30 | L61: no | M61: 1200 | N61: no | P61: - | Q61: - | R61: - | S61: - | T61: - | U61: - | V61: - | W61: - | Y61: - | Z61: - | AA61: - | AB61: - | AC61: - | AD61: - | AE61: - | AF61: - | AH61: yes | AI61: yes | AO61: x | BJ61: - | BK61: - | BL61: - | BM61: - | BN61: - | BO61: - | BP61: - | BQ61: - | BS61: =IF(AK61="x","x",IF(AK61="-","-","")) | BT61: =IF(AL61="x","x",IF(AL61="-","-","")) | BU61: =IF(AM61="x","x",IF(AM61="-","-","")) | BV61: =IF(AN61="x","x",IF(AN61="-","-","")) | BW61: =IF(AO61="x","x",IF(AO61="-","-","")) -> x | BX61: =IF(AP61="x","x",IF(AP61="-","-","")) | BY61: =IF(AQ61="x","x",IF(AQ61="-","-","")) | BZ61: =IF(AR61="x","x",IF(AR61="-","-","")) | ... CP61: =IF(BH61="x","x",IF(BH61="-","-","")) | CR61: =IF(P61="x","x",IF(P61="-","-","")) -> - | CS61: =IF(Q61="x","x",IF(Q61="-","-","")) -> - | CT61: =IF(R61="x","x",IF(R61="-","-","")) -> - | CU61: =IF(S61="x","x",IF(S61="-","-","")) -> - | CV61: =IF(T61="x","x",IF(T61="-","-","")) -> - | CW61: =IF(U61="x","x",IF(U61="-","-","")) -> - | CX61: =IF(V61="x","x",IF(V61="-","-","")) -> - | CY61: =IF(W61="x","x",IF(W61="-","-","")) -> - | CZ61: - | DA61: - | DB61: - | DC61: - | DE61: =IF(Y61="x","x",IF(Y61="-","-","")) -> - | DF61: =IF(Z61="x","x",IF(Z61="-","-","")) -> - | DG61: =IF(AA61="x","x",IF(AA61="-","-","")) -> - | DH61: =IF(AB61="x","x",IF(AB61="-","-","")) -> - | DI61: =IF(AC61="x","x",IF(AC61="-","-","")) -> - | DJ61: =IF(AD61="x","x",IF(AD61="-","-","")) -> - | DK61: =IF(AE61="x","x",IF(AE61="-","-","")) -> - | DL61: =IF(AF61="x","x",IF(AF61="-","-","")) -> - | DM61: - | DN61: - | DO61: - | DP61: -
A62: yes | B62: 61 | C62: TST061 | D62: white | E62: IO 1 | F62: 61 | G62: - | H62: - | I62: - | J62: yes | K62: -35 | L62: yes | M62: 1220 | N62: yes | P62: - | Q62: - | R62: - | S62: - | T62: - | U62: - | V62: - | W62: - | Y62: - | Z62: - | AA62: - | AB62: - | AC62: - | AD62: - | AE62: - | AF62: - | AH62: yes | AI62: yes | AP62: x | BJ62: - | BK62: - | BL62: - | BM62: - | BN62: - | BO62: - | BP62: - | BQ62: - | BS62: =IF(AK62="x","x",IF(AK62="-","-","")) | BT62: =IF(AL62="x","x",IF(AL62="-","-","")) | BU62: =IF(AM62="x","x",IF(AM62="-","-","")) | BV62: =IF(AN62="x","x",IF(AN62="-","-","")) | BW62: =IF(AO62="x","x",IF(AO62="-","-","")) | BX62: =IF(AP62="x","x",IF(AP62="-","-","")) -> x | BY62: =IF(AQ62="x","x",IF(AQ62="-","-","")) | BZ62: =IF(AR62="x","x",IF(AR62="-","-","")) | ... CP62: =IF(BH62="x","x",IF(BH62="-","-","")) | CR62: =IF(P62="x","x",IF(P62="-","-","")) -> - | CS62: =IF(Q62="x","x",IF(Q62="-","-","")) -> - | CT62: =IF(R62="x","x",IF(R62="-","-","")) -> - | CU62: =IF(S62="x","x",IF(S62="-","-","")) -> - | CV62: =IF(T62="x","x",IF(T62="-","-","")) -> - | CW62: =IF(U62="x","x",IF(U62="-","-","")) -> - | CX62: =IF(V62="x","x",IF(V62="-","-","")) -> - | CY62: =IF(W62="x","x",IF(W62="-","-","")) -> - | CZ62: - | DA62: - | DB62: - | DC62: - | DE62: =IF(Y62="x","x",IF(Y62="-","-","")) -> - | DF62: =IF(Z62="x","x",IF(Z62="-","-","")) -> - | DG62: =IF(AA62="x","x",IF(AA62="-","-","")) -> - | DH62: =IF(AB62="x","x",IF(AB62="-","-","")) -> - | DI62: =IF(AC62="x","x",IF(AC62="-","-","")) -> - | DJ62: =IF(AD62="x","x",IF(AD62="-","-","")) -> - | DK62: =IF(AE62="x","x",IF(AE62="-","-","")) -> - | DL62: =IF(AF62="x","x",IF(AF62="-","-","")) -> - | DM62: - | DN62: - | DO62: - | DP62: -
A63: yes | B63: 62 | C63: TST062 | D63: white | E63: IO 2 | F63: 62 | G63: - | H63: - | I63: - | J63: no | K63: -40 | L63: no | M63: 1240 | N63: no | P63: - | Q63: - | R63: - | S63: - | T63: - | U63: - | V63: - | W63: - | Y63: - | Z63: - | AA63: - | AB63: - | AC63: - | AD63: - | AE63: - | AF63: - | AH63: yes | AI63: yes | AP63: x | BJ63: - | BK63: - | BL63: - | BM63: - | BN63: - | BO63: - | BP63: - | BQ63: - | BS63: =IF(AK63="x","x",IF(AK63="-","-","")) | BT63: =IF(AL63="x","x",IF(AL63="-","-","")) | BU63: =IF(AM63="x","x",IF(AM63="-","-","")) | BV63: =IF(AN63="x","x",IF(AN63="-","-","")) | BW63: =IF(AO63="x","x",IF(AO63="-","-","")) | BX63: =IF(AP63="x","x",IF(AP63="-","-","")) -> x | BY63: =IF(AQ63="x","x",IF(AQ63="-","-","")) | BZ63: =IF(AR63="x","x",IF(AR63="-","-","")) | ... CP63: =IF(BH63="x","x",IF(BH63="-","-","")) | CR63: =IF(P63="x","x",IF(P63="-","-","")) -> - | CS63: =IF(Q63="x","x",IF(Q63="-","-","")) -> - | CT63: =IF(R63="x","x",IF(R63="-","-","")) -> - | CU63: =IF(S63="x","x",IF(S63="-","-","")) -> - | CV63: =IF(T63="x","x",IF(T63="-","-","")) -> - | CW63: =IF(U63="x","x",IF(U63="-","-","")) -> - | CX63: =IF(V63="x","x",IF(V63="-","-","")) -> - | CY63: =IF(W63="x","x",IF(W63="-","-","")) -> - | CZ63: - | DA63: - | DB63: - | DC63: - | DE63: =IF(Y63="x","x",IF(Y63="-","-","")) -> - | DF63: =IF(Z63="x","x",IF(Z63="-","-","")) -> - | DG63: =IF(AA63="x","x",IF(AA63="-","-","")) -> - | DH63: =IF(AB63="x","x",IF(AB63="-","-","")) -> - | DI63: =IF(AC63="x","x",IF(AC63="-","-","")) -> - | DJ63: =IF(AD63="x","x",IF(AD63="-","-","")) -> - | DK63: =IF(AE63="x","x",IF(AE63="-","-","")) -> - | DL63: =IF(AF63="x","x",IF(AF63="-","-","")) -> - | DM63: - | DN63: - | DO63: - | DP63: -
A64: yes | B64: 63 | C64: TST063 | D64: white | E64: SigGen | F64: 1 | G64: - | H64: - | I64: - | J64: yes | K64: -45 | L64: yes | M64: 1260 | N64: yes | P64: - | Q64: - | R64: - | S64: - | T64: - | U64: - | V64: - | W64: - | Y64: - | Z64: - | AA64: - | AB64: - | AC64: - | AD64: - | AE64: - | AF64: - | AH64: yes | AI64: yes | AP64: x | BJ64: - | BK64: - | BL64: - | BM64: - | BN64: - | BO64: - | BP64: - | BQ64: - | BS64: =IF(AK64="x","x",IF(AK64="-","-","")) | BT64: =IF(AL64="x","x",IF(AL64="-","-","")) | BU64: =IF(AM64="x","x",IF(AM64="-","-","")) | BV64: =IF(AN64="x","x",IF(AN64="-","-","")) | BW64: =IF(AO64="x","x",IF(AO64="-","-","")) | BX64: =IF(AP64="x","x",IF(AP64="-","-","")) -> x | BY64: =IF(AQ64="x","x",IF(AQ64="-","-","")) | BZ64: =IF(AR64="x","x",IF(AR64="-","-","")) | ... CP64: =IF(BH64="x","x",IF(BH64="-","-","")) | CR64: =IF(P64="x","x",IF(P64="-","-","")) -> - | CS64: =IF(Q64="x","x",IF(Q64="-","-","")) -> - | CT64: =IF(R64="x","x",IF(R64="-","-","")) -> - | CU64: =IF(S64="x","x",IF(S64="-","-","")) -> - | CV64: =IF(T64="x","x",IF(T64="-","-","")) -> - | CW64: =IF(U64="x","x",IF(U64="-","-","")) -> - | CX64: =IF(V64="x","x",IF(V64="-","-","")) -> - | CY64: =IF(W64="x","x",IF(W64="-","-","")) -> - | CZ64: - | DA64: - | DB64: - | DC64: - | DE64: =IF(Y64="x","x",IF(Y64="-","-","")) -> - | DF64: =IF(Z64="x","x",IF(Z64="-","-","")) -> - | DG64: =IF(AA64="x","x",IF(AA64="-","-","")) -> - | DH64: =IF(AB64="x","x",IF(AB64="-","-","")) -> - | DI64: =IF(AC64="x","x",IF(AC64="-","-","")) -> - | DJ64: =IF(AD64="x","x",IF(AD64="-","-","")) -> - | DK64: =IF(AE64="x","x",IF(AE64="-","-","")) -> - | DL64: =IF(AF64="x","x",IF(AF64="-","-","")) -> - | DM64: - | DN64: - | DO64: - | DP64: -
A65: yes | B65: 64 | C65: TST064 | D65: white | E65: Unassigned | G65: - | H65: - | I65: - | J65: no | K65: -99 | L65: no | M65: 1280 | N65: no | P65: - | Q65: - | R65: - | S65: - | T65: - | U65: - | V65: - | W65: - | Y65: - | Z65: - | AA65: - | AB65: - | AC65: - | AD65: - | AE65: - | AF65: - | AH65: yes | AI65: yes | AP65: x | BJ65: - | BK65: - | BL65: - | BM65: - | BN65: - | BO65: - | BP65: - | BQ65: - | BS65: =IF(AK65="x","x",IF(AK65="-","-","")) | BT65: =IF(AL65="x","x",IF(AL65="-","-","")) | BU65: =IF(AM65="x","x",IF(AM65="-","-","")) | BV65: =IF(AN65="x","x",IF(AN65="-","-","")) | BW65: =IF(AO65="x","x",IF(AO65="-","-","")) | BX65: =IF(AP65="x","x",IF(AP65="-","-","")) -> x | BY65: =IF(AQ65="x","x",IF(AQ65="-","-","")) | BZ65: =IF(AR65="x","x",IF(AR65="-","-","")) | ... CP65: =IF(BH65="x","x",IF(BH65="-","-","")) | CR65: =IF(P65="x","x",IF(P65="-","-","")) -> - | CS65: =IF(Q65="x","x",IF(Q65="-","-","")) -> - | CT65: =IF(R65="x","x",IF(R65="-","-","")) -> - | CU65: =IF(S65="x","x",IF(S65="-","-","")) -> - | CV65: =IF(T65="x","x",IF(T65="-","-","")) -> - | CW65: =IF(U65="x","x",IF(U65="-","-","")) -> - | CX65: =IF(V65="x","x",IF(V65="-","-","")) -> - | CY65: =IF(W65="x","x",IF(W65="-","-","")) -> - | CZ65: - | DA65: - | DB65: - | DC65: - | DE65: =IF(Y65="x","x",IF(Y65="-","-","")) -> - | DF65: =IF(Z65="x","x",IF(Z65="-","-","")) -> - | DG65: =IF(AA65="x","x",IF(AA65="-","-","")) -> - | DH65: =IF(AB65="x","x",IF(AB65="-","-","")) -> - | DI65: =IF(AC65="x","x",IF(AC65="-","-","")) -> - | DJ65: =IF(AD65="x","x",IF(AD65="-","-","")) -> - | DK65: =IF(AE65="x","x",IF(AE65="-","-","")) -> - | DL65: =IF(AF65="x","x",IF(AF65="-","-","")) -> - | DM65: - | DN65: - | DO65: - | DP65: -
CR66: =IF(P66="x","x",IF(P66="-","-","")) | CS66: =IF(Q66="x","x",IF(Q66="-","-","")) | CT66: =IF(R66="x","x",IF(R66="-","-","")) | CU66: =IF(S66="x","x",IF(S66="-","-","")) | CV66: =IF(T66="x","x",IF(T66="-","-","")) | CW66: =IF(U66="x","x",IF(U66="-","-","")) | CX66: =IF(V66="x","x",IF(V66="-","-","")) | CY66: =IF(W66="x","x",IF(W66="-","-","")) | DE66: =IF(Y66="x","x",IF(Y66="-","-","")) | DF66: =IF(Z66="x","x",IF(Z66="-","-","")) | DG66: =IF(AA66="x","x",IF(AA66="-","-","")) | DH66: =IF(AB66="x","x",IF(AB66="-","-","")) | DI66: =IF(AC66="x","x",IF(AC66="-","-","")) | DJ66: =IF(AD66="x","x",IF(AD66="-","-","")) | DK66: =IF(AE66="x","x",IF(AE66="-","-","")) | DL66: =IF(AF66="x","x",IF(AF66="-","-",""))
CR67: =IF(P67="x","x",IF(P67="-","-","")) | CS67: =IF(Q67="x","x",IF(Q67="-","-","")) | CT67: =IF(R67="x","x",IF(R67="-","-","")) | CU67: =IF(S67="x","x",IF(S67="-","-","")) | CV67: =IF(T67="x","x",IF(T67="-","-","")) | CW67: =IF(U67="x","x",IF(U67="-","-","")) | CX67: =IF(V67="x","x",IF(V67="-","-","")) | CY67: =IF(W67="x","x",IF(W67="-","-","")) | DE67: =IF(Y67="x","x",IF(Y67="-","-","")) | DF67: =IF(Z67="x","x",IF(Z67="-","-","")) | DG67: =IF(AA67="x","x",IF(AA67="-","-","")) | DH67: =IF(AB67="x","x",IF(AB67="-","-","")) | DI67: =IF(AC67="x","x",IF(AC67="-","-","")) | DJ67: =IF(AD67="x","x",IF(AD67="-","-","")) | DK67: =IF(AE67="x","x",IF(AE67="-","-","")) | DL67: =IF(AF67="x","x",IF(AF67="-","-",""))
CR68: =IF(P68="x","x",IF(P68="-","-","")) | CS68: =IF(Q68="x","x",IF(Q68="-","-","")) | CT68: =IF(R68="x","x",IF(R68="-","-","")) | CU68: =IF(S68="x","x",IF(S68="-","-","")) | CV68: =IF(T68="x","x",IF(T68="-","-","")) | CW68: =IF(U68="x","x",IF(U68="-","-","")) | CX68: =IF(V68="x","x",IF(V68="-","-","")) | CY68: =IF(W68="x","x",IF(W68="-","-","")) | DE68: =IF(Y68="x","x",IF(Y68="-","-","")) | DF68: =IF(Z68="x","x",IF(Z68="-","-","")) | DG68: =IF(AA68="x","x",IF(AA68="-","-","")) | DH68: =IF(AB68="x","x",IF(AB68="-","-","")) | DI68: =IF(AC68="x","x",IF(AC68="-","-","")) | DJ68: =IF(AD68="x","x",IF(AD68="-","-","")) | DK68: =IF(AE68="x","x",IF(AE68="-","-","")) | DL68: =IF(AF68="x","x",IF(AF68="-","-",""))
CR69: =IF(P69="x","x",IF(P69="-","-","")) | CS69: =IF(Q69="x","x",IF(Q69="-","-","")) | CT69: =IF(R69="x","x",IF(R69="-","-","")) | CU69: =IF(S69="x","x",IF(S69="-","-","")) | CV69: =IF(T69="x","x",IF(T69="-","-","")) | CW69: =IF(U69="x","x",IF(U69="-","-","")) | CX69: =IF(V69="x","x",IF(V69="-","-","")) | CY69: =IF(W69="x","x",IF(W69="-","-","")) | DE69: =IF(Y69="x","x",IF(Y69="-","-","")) | DF69: =IF(Z69="x","x",IF(Z69="-","-","")) | DG69: =IF(AA69="x","x",IF(AA69="-","-","")) | DH69: =IF(AB69="x","x",IF(AB69="-","-","")) | DI69: =IF(AC69="x","x",IF(AC69="-","-","")) | DJ69: =IF(AD69="x","x",IF(AD69="-","-","")) | DK69: =IF(AE69="x","x",IF(AE69="-","-","")) | DL69: =IF(AF69="x","x",IF(AF69="-","-",""))
CR70: =IF(P70="x","x",IF(P70="-","-","")) | CS70: =IF(Q70="x","x",IF(Q70="-","-","")) | CT70: =IF(R70="x","x",IF(R70="-","-","")) | CU70: =IF(S70="x","x",IF(S70="-","-","")) | CV70: =IF(T70="x","x",IF(T70="-","-","")) | CW70: =IF(U70="x","x",IF(U70="-","-","")) | CX70: =IF(V70="x","x",IF(V70="-","-","")) | CY70: =IF(W70="x","x",IF(W70="-","-","")) | DE70: =IF(Y70="x","x",IF(Y70="-","-","")) | DF70: =IF(Z70="x","x",IF(Z70="-","-","")) | DG70: =IF(AA70="x","x",IF(AA70="-","-","")) | DH70: =IF(AB70="x","x",IF(AB70="-","-","")) | DI70: =IF(AC70="x","x",IF(AC70="-","-","")) | DJ70: =IF(AD70="x","x",IF(AD70="-","-","")) | DK70: =IF(AE70="x","x",IF(AE70="-","-","")) | DL70: =IF(AF70="x","x",IF(AF70="-","-",""))
CR71: =IF(P71="x","x",IF(P71="-","-","")) | CS71: =IF(Q71="x","x",IF(Q71="-","-","")) | CT71: =IF(R71="x","x",IF(R71="-","-","")) | CU71: =IF(S71="x","x",IF(S71="-","-","")) | CV71: =IF(T71="x","x",IF(T71="-","-","")) | CW71: =IF(U71="x","x",IF(U71="-","-","")) | CX71: =IF(V71="x","x",IF(V71="-","-","")) | CY71: =IF(W71="x","x",IF(W71="-","-","")) | DE71: =IF(Y71="x","x",IF(Y71="-","-","")) | DF71: =IF(Z71="x","x",IF(Z71="-","-","")) | DG71: =IF(AA71="x","x",IF(AA71="-","-","")) | DH71: =IF(AB71="x","x",IF(AB71="-","-","")) | DI71: =IF(AC71="x","x",IF(AC71="-","-","")) | DJ71: =IF(AD71="x","x",IF(AD71="-","-","")) | DK71: =IF(AE71="x","x",IF(AE71="-","-","")) | DL71: =IF(AF71="x","x",IF(AF71="-","-",""))
CR72: =IF(P72="x","x",IF(P72="-","-","")) | CS72: =IF(Q72="x","x",IF(Q72="-","-","")) | CT72: =IF(R72="x","x",IF(R72="-","-","")) | CU72: =IF(S72="x","x",IF(S72="-","-","")) | CV72: =IF(T72="x","x",IF(T72="-","-","")) | CW72: =IF(U72="x","x",IF(U72="-","-","")) | CX72: =IF(V72="x","x",IF(V72="-","-","")) | CY72: =IF(W72="x","x",IF(W72="-","-","")) | DE72: =IF(Y72="x","x",IF(Y72="-","-","")) | DF72: =IF(Z72="x","x",IF(Z72="-","-","")) | DG72: =IF(AA72="x","x",IF(AA72="-","-","")) | DH72: =IF(AB72="x","x",IF(AB72="-","-","")) | DI72: =IF(AC72="x","x",IF(AC72="-","-","")) | DJ72: =IF(AD72="x","x",IF(AD72="-","-","")) | DK72: =IF(AE72="x","x",IF(AE72="-","-","")) | DL72: =IF(AF72="x","x",IF(AF72="-","-",""))
CR73: =IF(P73="x","x",IF(P73="-","-","")) | CS73: =IF(Q73="x","x",IF(Q73="-","-","")) | CT73: =IF(R73="x","x",IF(R73="-","-","")) | CU73: =IF(S73="x","x",IF(S73="-","-","")) | CV73: =IF(T73="x","x",IF(T73="-","-","")) | CW73: =IF(U73="x","x",IF(U73="-","-","")) | CX73: =IF(V73="x","x",IF(V73="-","-","")) | CY73: =IF(W73="x","x",IF(W73="-","-","")) | DE73: =IF(Y73="x","x",IF(Y73="-","-","")) | DF73: =IF(Z73="x","x",IF(Z73="-","-","")) | DG73: =IF(AA73="x","x",IF(AA73="-","-","")) | DH73: =IF(AB73="x","x",IF(AB73="-","-","")) | DI73: =IF(AC73="x","x",IF(AC73="-","-","")) | DJ73: =IF(AD73="x","x",IF(AD73="-","-","")) | DK73: =IF(AE73="x","x",IF(AE73="-","-","")) | DL73: =IF(AF73="x","x",IF(AF73="-","-",""))
CR74: =IF(P74="x","x",IF(P74="-","-","")) | CS74: =IF(Q74="x","x",IF(Q74="-","-","")) | CT74: =IF(R74="x","x",IF(R74="-","-","")) | CU74: =IF(S74="x","x",IF(S74="-","-","")) | CV74: =IF(T74="x","x",IF(T74="-","-","")) | CW74: =IF(U74="x","x",IF(U74="-","-","")) | CX74: =IF(V74="x","x",IF(V74="-","-","")) | CY74: =IF(W74="x","x",IF(W74="-","-","")) | DE74: =IF(Y74="x","x",IF(Y74="-","-","")) | DF74: =IF(Z74="x","x",IF(Z74="-","-","")) | DG74: =IF(AA74="x","x",IF(AA74="-","-","")) | DH74: =IF(AB74="x","x",IF(AB74="-","-","")) | DI74: =IF(AC74="x","x",IF(AC74="-","-","")) | DJ74: =IF(AD74="x","x",IF(AD74="-","-","")) | DK74: =IF(AE74="x","x",IF(AE74="-","-","")) | DL74: =IF(AF74="x","x",IF(AF74="-","-",""))
CR75: =IF(P75="x","x",IF(P75="-","-","")) | CS75: =IF(Q75="x","x",IF(Q75="-","-","")) | CT75: =IF(R75="x","x",IF(R75="-","-","")) | CU75: =IF(S75="x","x",IF(S75="-","-","")) | CV75: =IF(T75="x","x",IF(T75="-","-","")) | CW75: =IF(U75="x","x",IF(U75="-","-","")) | CX75: =IF(V75="x","x",IF(V75="-","-","")) | CY75: =IF(W75="x","x",IF(W75="-","-","")) | DE75: =IF(Y75="x","x",IF(Y75="-","-","")) | DF75: =IF(Z75="x","x",IF(Z75="-","-","")) | DG75: =IF(AA75="x","x",IF(AA75="-","-","")) | DH75: =IF(AB75="x","x",IF(AB75="-","-","")) | DI75: =IF(AC75="x","x",IF(AC75="-","-","")) | DJ75: =IF(AD75="x","x",IF(AD75="-","-","")) | DK75: =IF(AE75="x","x",IF(AE75="-","-","")) | DL75: =IF(AF75="x","x",IF(AF75="-","-",""))
CR76: =IF(P76="x","x",IF(P76="-","-","")) | CS76: =IF(Q76="x","x",IF(Q76="-","-","")) | CT76: =IF(R76="x","x",IF(R76="-","-","")) | CU76: =IF(S76="x","x",IF(S76="-","-","")) | CV76: =IF(T76="x","x",IF(T76="-","-","")) | CW76: =IF(U76="x","x",IF(U76="-","-","")) | CX76: =IF(V76="x","x",IF(V76="-","-","")) | CY76: =IF(W76="x","x",IF(W76="-","-","")) | DE76: =IF(Y76="x","x",IF(Y76="-","-","")) | DF76: =IF(Z76="x","x",IF(Z76="-","-","")) | DG76: =IF(AA76="x","x",IF(AA76="-","-","")) | DH76: =IF(AB76="x","x",IF(AB76="-","-","")) | DI76: =IF(AC76="x","x",IF(AC76="-","-","")) | DJ76: =IF(AD76="x","x",IF(AD76="-","-","")) | DK76: =IF(AE76="x","x",IF(AE76="-","-","")) | DL76: =IF(AF76="x","x",IF(AF76="-","-",""))
CR77: =IF(P77="x","x",IF(P77="-","-","")) | CS77: =IF(Q77="x","x",IF(Q77="-","-","")) | CT77: =IF(R77="x","x",IF(R77="-","-","")) | CU77: =IF(S77="x","x",IF(S77="-","-","")) | CV77: =IF(T77="x","x",IF(T77="-","-","")) | CW77: =IF(U77="x","x",IF(U77="-","-","")) | CX77: =IF(V77="x","x",IF(V77="-","-","")) | CY77: =IF(W77="x","x",IF(W77="-","-","")) | DE77: =IF(Y77="x","x",IF(Y77="-","-","")) | DF77: =IF(Z77="x","x",IF(Z77="-","-","")) | DG77: =IF(AA77="x","x",IF(AA77="-","-","")) | DH77: =IF(AB77="x","x",IF(AB77="-","-","")) | DI77: =IF(AC77="x","x",IF(AC77="-","-","")) | DJ77: =IF(AD77="x","x",IF(AD77="-","-","")) | DK77: =IF(AE77="x","x",IF(AE77="-","-","")) | DL77: =IF(AF77="x","x",IF(AF77="-","-",""))
... CR129: =IF(P129="x","x",IF(P129="-","-","")) | CS129: =IF(Q129="x","x",IF(Q129="-","-","")) | CT129: =IF(R129="x","x",IF(R129="-","-","")) | CU129: =IF(S129="x","x",IF(S129="-","-","")) | CV129: =IF(T129="x","x",IF(T129="-","-","")) | CW129: =IF(U129="x","x",IF(U129="-","-","")) | CX129: =IF(V129="x","x",IF(V129="-","-","")) | CY129: =IF(W129="x","x",IF(W129="-","-","")) | DE129: =IF(Y129="x","x",IF(Y129="-","-","")) | DF129: =IF(Z129="x","x",IF(Z129="-","-","")) | DG129: =IF(AA129="x","x",IF(AA129="-","-","")) | DH129: =IF(AB129="x","x",IF(AB129="-","-","")) | DI129: =IF(AC129="x","x",IF(AC129="-","-","")) | DJ129: =IF(AD129="x","x",IF(AD129="-","-","")) | DK129: =IF(AE129="x","x",IF(AE129="-","-","")) | DL129: =IF(AF129="x","x",IF(AF129="-","-",""))

Sheet Sockets
A1: Indication Start/End Socket For Mixrack / Expanders | B1: Socket Number | C1: Local Phantom | D1: Local Pad | E1: Local Gain | G1: DX1 Phantom | H1: DX1 Pad | I1: DX1 Gain | K1: DX3 Phantom | L1: DX3 Pad | M1: DX3 Gain | O1: Slink Phantom | P1: Slink Pad | Q1: Slink Gain
B2: 1 | C2: yes | D2: - | E2: - | G2: yes | H2: - | I2: - | K2: yes | L2: - | M2: - | O2: yes | P2: - | Q2: -
B3: 2 | C3: no | D3: - | E3: 5 | G3: no | H3: - | I3: 5 | K3: no | L3: - | M3: 5 | O3: no | P3: - | Q3: 5
B4: 3 | C4: yes | D4: - | E4: 10 | G4: yes | H4: - | I4: 10 | K4: yes | L4: - | M4: 10 | O4: yes | P4: - | Q4: 10
B5: 4 | C5: no | D5: - | E5: 15 | G5: no | H5: - | I5: 15 | K5: no | L5: - | M5: 15 | O5: no | P5: - | Q5: 15
B6: 5 | C6: yes | D6: - | E6: 20 | G6: yes | H6: - | I6: 20 | K6: yes | L6: - | M6: 20 | O6: yes | P6: - | Q6: 20
B7: 6 | C7: no | D7: - | E7: 25 | G7: no | H7: - | I7: 25 | K7: no | L7: - | M7: 25 | O7: no | P7: - | Q7: 25
B8: 7 | C8: yes | D8: - | E8: 30 | G8: yes | H8: - | I8: 30 | K8: yes | L8: - | M8: 30 | O8: yes | P8: - | Q8: 30
B9: 8 | C9: no | D9: - | E9: 35 | G9: no | H9: - | I9: 35 | K9: no | L9: - | M9: 35 | O9: no | P9: - | Q9: 35
B10: 9 | C10: yes | D10: - | E10: 40 | G10: yes | H10: - | I10: 40 | K10: yes | L10: - | M10: 40 | O10: yes | P10: - | Q10: 40
B11: 10 | C11: no | D11: - | E11: 45 | G11: no | H11: - | I11: 45 | K11: no | L11: - | M11: 45 | O11: no | P11: - | Q11: 45
B12: 11 | C12: yes | D12: - | E12: 50 | G12: yes | H12: - | I12: 50 | K12: yes | L12: - | M12: 50 | O12: yes | P12: - | Q12: 50
A13: Avantis Local End | B13: 12 | C13: no | D13: - | E13: 55 | G13: no | H13: - | I13: 55 | K13: no | L13: - | M13: 55 | O13: no | P13: - | Q13: 55
B14: 13 | C14: yes | D14: - | E14: 60 | G14: yes | H14: - | I14: 60 | K14: yes | L14: - | M14: 60 | O14: yes | P14: - | Q14: 60
B15: 14 | C15: no | D15: - | E15: - | G15: no | H15: - | I15: - | K15: no | L15: - | M15: - | O15: no | P15: - | Q15: -
B16: 15 | C16: yes | D16: yes | E16: 5 | G16: yes | H16: yes | I16: 10 | K16: yes | L16: yes | M16: 15 | O16: yes | P16: yes | Q16: 20
B17: 16 | C17: no | D17: no | E17: 5 | G17: no | H17: no | I17: 10 | K17: no | L17: no | M17: 15 | O17: no | P17: no | Q17: 20
B18: 17 | C18: yes | D18: yes | E18: 5 | G18: yes | H18: yes | I18: 10 | K18: yes | L18: yes | M18: 15 | O18: yes | P18: yes | Q18: 20
B19: 18 | C19: no | D19: no | E19: 5 | G19: no | H19: no | I19: 10 | K19: no | L19: no | M19: 15 | O19: no | P19: no | Q19: 20
B20: 19 | C20: yes | D20: yes | E20: 5 | G20: yes | H20: yes | I20: 10 | K20: yes | L20: yes | M20: 15 | O20: yes | P20: yes | Q20: 20
B21: 20 | C21: no | D21: no | E21: 5 | G21: no | H21: no | I21: 10 | K21: no | L21: no | M21: 15 | O21: no | P21: no | Q21: 20
B22: 21 | C22: yes | D22: yes | E22: 5 | G22: yes | H22: yes | I22: 10 | K22: yes | L22: yes | M22: 15 | O22: yes | P22: yes | Q22: 20
B23: 22 | C23: no | D23: no | E23: 5 | G23: no | H23: no | I23: 10 | K23: no | L23: no | M23: 15 | O23: no | P23: no | Q23: 20
B24: 23 | C24: yes | D24: yes | E24: 5 | G24: yes | H24: yes | I24: 10 | K24: yes | L24: yes | M24: 15 | O24: yes | P24: yes | Q24: 20
B25: 24 | C25: no | D25: no | E25: 5 | G25: no | H25: no | I25: 10 | K25: no | L25: no | M25: 15 | O25: no | P25: no | Q25: 20
B26: 25 | C26: yes | D26: yes | E26: 5 | G26: yes | H26: yes | I26: 10 | K26: yes | L26: yes | M26: 15 | O26: yes | P26: yes | Q26: 20
B27: 26 | C27: no | D27: no | E27: 5 | G27: no | H27: no | I27: 10 | K27: no | L27: no | M27: 15 | O27: no | P27: no | Q27: 20
... B32: 31 | C32: yes | D32: yes | E32: 5 | G32: yes | H32: yes | I32: 10 | K32: yes | L32: yes | M32: 15 | O32: yes | P32: yes | Q32: 20
A33: (C)DM32 End + DX1/3 End | B33: 32 | C33: no | D33: no | E33: 5 | G33: no | H33: no | I33: 10 | K33: no | L33: no | M33: 15 | O33: no | P33: no | Q33: 20
B34: 33 | C34: yes | D34: yes | E34: 5 | O34: yes | P34: yes | Q34: 20
B35: 34 | C35: no | D35: no | E35: 5 | O35: no | P35: no | Q35: 20
B36: 35 | C36: yes | D36: yes | E36: 5 | O36: yes | P36: yes | Q36: 20
B37: 36 | C37: no | D37: no | E37: 5 | O37: no | P37: no | Q37: 20
B38: 37 | C38: yes | D38: yes | E38: 5 | O38: yes | P38: yes | Q38: 20
B39: 38 | C39: no | D39: no | E39: 5 | O39: no | P39: no | Q39: 20
B40: 39 | C40: yes | D40: yes | E40: 5 | O40: yes | P40: yes | Q40: 20
B41: 40 | C41: no | D41: no | E41: 5 | O41: no | P41: no | Q41: 20
B42: 41 | C42: yes | D42: yes | E42: 5 | O42: yes | P42: yes | Q42: 20
B43: 42 | C43: no | D43: no | E43: 5 | O43: no | P43: no | Q43: 20
B44: 43 | C44: yes | D44: yes | E44: 5 | O44: yes | P44: yes | Q44: 20
B45: 44 | C45: no | D45: no | E45: 5 | O45: no | P45: no | Q45: 20
... B48: 47 | C48: yes | D48: yes | E48: 5 | O48: yes | P48: yes | Q48: 20
A49: (C)DM48 End + GX4816 | B49: 48 | C49: no | D49: no | E49: 5 | O49: no | P49: no | Q49: 20
B50: 49 | C50: yes | D50: yes | E50: 5 | O50: yes | P50: yes | Q50: 20
B51: 50 | C51: no | D51: no | E51: 5 | O51: no | P51: no | Q51: 20
B52: 51 | C52: yes | D52: yes | E52: 5 | O52: yes | P52: yes | Q52: 20
B53: 52 | C53: no | D53: no | E53: 5 | O53: no | P53: no | Q53: 20
B54: 53 | C54: yes | D54: yes | E54: 5 | O54: yes | P54: yes | Q54: 20
B55: 54 | C55: no | D55: no | E55: 5 | O55: no | P55: no | Q55: 20
B56: 55 | C56: yes | D56: yes | E56: 5 | O56: yes | P56: yes | Q56: 20
B57: 56 | C57: no | D57: no | E57: 5 | O57: no | P57: no | Q57: 20
B58: 57 | C58: yes | D58: yes | E58: 5 | O58: yes | P58: yes | Q58: 20
B59: 58 | C59: no | D59: no | E59: 5 | O59: no | P59: no | Q59: 20
B60: 59 | C60: yes | D60: yes | E60: 5 | O60: yes | P60: yes | Q60: 20
B61: 60 | C61: no | D61: no | E61: 5 | O61: no | P61: no | Q61: 20
... B64: 63 | C64: yes | D64: yes | E64: 5 | O64: yes | P64: yes | Q64: 20
A65: (C)DM64 End | B65: 64 | C65: no | D65: no | E65: 5 | O65: no | P65: no | Q65: 20
A66: Slink-DX1 Start | B66: 65 | O66: yes | P66: yes | Q66: 20
B67: 66 | O67: no | P67: no | Q67: 20
B68: 67 | O68: yes | P68: yes | Q68: 20
B69: 68 | O69: no | P69: no | Q69: 20
B70: 69 | O70: yes | P70: yes | Q70: 20
B71: 70 | O71: no | P71: no | Q71: 20
B72: 71 | O72: yes | P72: yes | Q72: 20
B73: 72 | O73: no | P73: no | Q73: 20
B74: 73 | O74: yes | P74: yes | Q74: 20
B75: 74 | O75: no | P75: no | Q75: 20
B76: 75 | O76: yes | P76: yes | Q76: 20
B77: 76 | O77: no | P77: no | Q77: 20
B78: 77 | O78: yes | P78: yes | Q78: 20
... B95: 94 | O95: no | P95: no | Q95: 20
A96: Slink-DX1 End | B96: 95 | O96: yes | P96: yes | Q96: 20
A97: Slink-DX2 Start | B97: 96 | O97: no | P97: no | Q97: 20
B98: 97 | O98: yes | P98: yes | Q98: 20
B99: 98 | O99: no | P99: no | Q99: 20
B100: 99 | O100: yes | P100: yes | Q100: 20
B101: 100 | O101: no | P101: no | Q101: 20
B102: 101 | O102: yes | P102: yes | Q102: 20
B103: 102 | O103: no | P103: no | Q103: 20
B104: 103 | O104: yes | P104: yes | Q104: 20
B105: 104 | O105: no | P105: no | Q105: 20
B106: 105 | O106: yes | P106: yes | Q106: 20
B107: 106 | O107: no | P107: no | Q107: 20
B108: 107 | O108: yes | P108: yes | Q108: 20
B109: 108 | O109: no | P109: no | Q109: 20
... B128: 127 | O128: yes | P128: yes | Q128: 20
A129: Slink-DX2 End | B129: 128 | O129: no | P129: no | Q129: 20

Sheet Groups
A1: DCA | B1: DCA Name | C1: DCA Color | E1: Mono Auxes | F1: Aux Name | G1: Aux Color | J1: Stereo Auxes | K1: StAux Name | L1: StAux Color | O1: Mono Group | P1: Group Name | Q1: Group Color | T1: Stereo Group | U1: StGroup Name | V1: StGroup Color | Y1: Mono Matrix | Z1: Matrix Name | AA1: Matrix Color | AD1: Stereo Matrix | AE1: StMatrix Name | AF1: StMatrix Color | AI1: Mono FX Send | AJ1: FX Name | AK1: FX Color | AN1: Stereo FX Send | AO1: StFX Name | AP1: StFX Color | AS1: FX Return | AT1: FX Return Name | AU1: FX Return Color | AW1: UFX Send | AX1: UFX Name | AY1: UFX Color | BA1: UFX Return | BB1: UFX Return Name | BC1: UFX Return Color
A2: 1 | B2: Dca1 | C2: blue | E2: 1 | F2: Aux1 | G2: blue | H2: =IF(F2<>CONCATENATE("Aux",E2),1,0) -> 0 | J2: 1 | K2: StAux1 | L2: blue | M2: =IF(K2<>CONCATENATE("STAux",J2),1,0) -> 0 | O2: 1 | P2: Grp1 | Q2: blue | R2: =IF(P2<>CONCATENATE("Grp",O2),1,0) -> 0 | T2: 1 | U2: StGrp1 | V2: blue | W2: =IF(U2<>CONCATENATE("StGrp",T2),1,0) -> 0 | Y2: 1 | Z2: Mtx1 | AA2: blue | AB2: =IF(Z2<>CONCATENATE("Mtx",Y2),1,0) -> 0 | AD2: 1 | AE2: StMtx1 | AF2: blue | AG2: =IF(AE2<>CONCATENATE("StMtx",AD2),1,0) -> 0 | AI2: 1 | AJ2: Fx1 | AK2: blue | AL2: =IF(AJ2<>CONCATENATE("Fx",AI2),1,0) -> 0 | AN2: 1 | AO2: StFx1 | AP2: blue | AQ2: =IF(AO2<>CONCATENATE("StFx",AN2),1,0) -> 0 | AS2: 1 | AT2: FxRet1 | AU2: blue | AW2: 1 | AX2: UFx1 | AY2: blue | BA2: 1 | BB2: UFxRet1 | BC2: blue
A3: 2 | B3: Dca2 | C3: red | E3: 2 | F3: Aux2 | G3: red | H3: =IF(F3<>CONCATENATE("Aux",E3),1,0) -> 0 | J3: 2 | K3: StAux2 | L3: red | M3: =IF(K3<>CONCATENATE("STAux",J3),1,0) -> 0 | O3: 2 | P3: Grp2 | Q3: red | R3: =IF(P3<>CONCATENATE("Grp",O3),1,0) -> 0 | T3: 2 | U3: StGrp2 | V3: red | W3: =IF(U3<>CONCATENATE("StGrp",T3),1,0) -> 0 | Y3: 2 | Z3: Mtx2 | AA3: red | AB3: =IF(Z3<>CONCATENATE("Mtx",Y3),1,0) -> 0 | AD3: 2 | AE3: StMtx2 | AF3: red | AG3: =IF(AE3<>CONCATENATE("StMtx",AD3),1,0) -> 0 | AI3: 2 | AJ3: Fx2 | AK3: red | AL3: =IF(AJ3<>CONCATENATE("Fx",AI3),1,0) -> 0 | AN3: 2 | AO3: StFx2 | AP3: red | AQ3: =IF(AO3<>CONCATENATE("StFx",AN3),1,0) -> 0 | AS3: 2 | AT3: FxRet2 | AU3: red | AW3: 2 | AX3: UFx2 | AY3: red | BA3: 2 | BB3: UFxRet2 | BC3: red
A4: 3 | B4: Dca3 | C4: yellow | E4: 3 | F4: Aux3 | G4: yellow | H4: =IF(F4<>CONCATENATE("Aux",E4),1,0) -> 0 | J4: 3 | K4: StAux3 | L4: yellow | M4: =IF(K4<>CONCATENATE("STAux",J4),1,0) -> 0 | O4: 3 | P4: Grp3 | Q4: yellow | R4: =IF(P4<>CONCATENATE("Grp",O4),1,0) -> 0 | T4: 3 | U4: StGrp3 | V4: yellow | W4: =IF(U4<>CONCATENATE("StGrp",T4),1,0) -> 0 | Y4: 3 | Z4: Mtx3 | AA4: yellow | AB4: =IF(Z4<>CONCATENATE("Mtx",Y4),1,0) -> 0 | AD4: 3 | AE4: StMtx3 | AF4: yellow | AG4: =IF(AE4<>CONCATENATE("StMtx",AD4),1,0) -> 0 | AI4: 3 | AJ4: Fx3 | AK4: yellow | AL4: =IF(AJ4<>CONCATENATE("Fx",AI4),1,0) -> 0 | AN4: 3 | AO4: StFx3 | AP4: yellow | AQ4: =IF(AO4<>CONCATENATE("StFx",AN4),1,0) -> 0 | AS4: 3 | AT4: FxRet3 | AU4: yellow | AW4: 3 | AX4: UFx3 | AY4: yellow | BA4: 3 | BB4: UFxRet3 | BC4: yellow
A5: 4 | B5: Dca4 | C5: green | E5: 4 | F5: Aux4 | G5: green | H5: =IF(F5<>CONCATENATE("Aux",E5),1,0) -> 0 | J5: 4 | K5: StAux4 | L5: green | M5: =IF(K5<>CONCATENATE("STAux",J5),1,0) -> 0 | O5: 4 | P5: Grp4 | Q5: green | R5: =IF(P5<>CONCATENATE("Grp",O5),1,0) -> 0 | T5: 4 | U5: StGrp4 | V5: green | W5: =IF(U5<>CONCATENATE("StGrp",T5),1,0) -> 0 | Y5: 4 | Z5: Mtx4 | AA5: green | AB5: =IF(Z5<>CONCATENATE("Mtx",Y5),1,0) -> 0 | AD5: 4 | AE5: StMtx4 | AF5: green | AG5: =IF(AE5<>CONCATENATE("StMtx",AD5),1,0) -> 0 | AI5: 4 | AJ5: Fx4 | AK5: green | AL5: =IF(AJ5<>CONCATENATE("Fx",AI5),1,0) -> 0 | AN5: 4 | AO5: StFx4 | AP5: green | AQ5: =IF(AO5<>CONCATENATE("StFx",AN5),1,0) -> 0 | AS5: 4 | AT5: FxRet4 | AU5: green | AW5: 4 | AX5: UFx4 | AY5: green | BA5: 4 | BB5: UFxRet4 | BC5: green
A6: 5 | B6: Dca5 | C6: light blue | E6: 5 | F6: Aux5 | G6: light blue | H6: =IF(F6<>CONCATENATE("Aux",E6),1,0) -> 0 | J6: 5 | K6: StAux5 | L6: light blue | M6: =IF(K6<>CONCATENATE("STAux",J6),1,0) -> 0 | O6: 5 | P6: Grp5 | Q6: light blue | R6: =IF(P6<>CONCATENATE("Grp",O6),1,0) -> 0 | T6: 5 | U6: StGrp5 | V6: light blue | W6: =IF(U6<>CONCATENATE("StGrp",T6),1,0) -> 0 | Y6: 5 | Z6: Mtx5 | AA6: light blue | AB6: =IF(Z6<>CONCATENATE("Mtx",Y6),1,0) -> 0 | AD6: 5 | AE6: StMtx5 | AF6: light blue | AG6: =IF(AE6<>CONCATENATE("StMtx",AD6),1,0) -> 0 | AI6: 5 | AJ6: Fx5 | AK6: light blue | AL6: =IF(AJ6<>CONCATENATE("Fx",AI6),1,0) -> 0 | AN6: 5 | AO6: StFx5 | AP6: light blue | AQ6: =IF(AO6<>CONCATENATE("StFx",AN6),1,0) -> 0 | AS6: 5 | AT6: FxRet5 | AU6: light blue | AW6: 5 | AX6: UFx5 | AY6: light blue | BA6: 5 | BB6: UFxRet5 | BC6: light blue
A7: 6 | B7: Dca6 | C7: white | E7: 6 | F7: Aux6 | G7: white | H7: =IF(F7<>CONCATENATE("Aux",E7),1,0) -> 0 | J7: 6 | K7: StAux6 | L7: white | M7: =IF(K7<>CONCATENATE("STAux",J7),1,0) -> 0 | O7: 6 | P7: Grp6 | Q7: white | R7: =IF(P7<>CONCATENATE("Grp",O7),1,0) -> 0 | T7: 6 | U7: StGrp6 | V7: white | W7: =IF(U7<>CONCATENATE("StGrp",T7),1,0) -> 0 | Y7: 6 | Z7: Mtx6 | AA7: white | AB7: =IF(Z7<>CONCATENATE("Mtx",Y7),1,0) -> 0 | AD7: 6 | AE7: StMtx6 | AF7: white | AG7: =IF(AE7<>CONCATENATE("StMtx",AD7),1,0) -> 0 | AI7: 6 | AJ7: Fx6 | AK7: white | AL7: =IF(AJ7<>CONCATENATE("Fx",AI7),1,0) -> 0 | AN7: 6 | AO7: StFx6 | AP7: white | AQ7: =IF(AO7<>CONCATENATE("StFx",AN7),1,0) -> 0 | AS7: 6 | AT7: FxRet6 | AU7: white | AW7: 6 | AX7: UFx6 | AY7: white | BA7: 6 | BB7: UFxRet6 | BC7: white
A8: 7 | B8: Dca7 | C8: purple | E8: 7 | F8: Aux7 | G8: purple | H8: =IF(F8<>CONCATENATE("Aux",E8),1,0) -> 0 | J8: 7 | K8: StAux7 | L8: purple | M8: =IF(K8<>CONCATENATE("STAux",J8),1,0) -> 0 | O8: 7 | P8: Grp7 | Q8: purple | R8: =IF(P8<>CONCATENATE("Grp",O8),1,0) -> 0 | T8: 7 | U8: StGrp7 | V8: purple | W8: =IF(U8<>CONCATENATE("StGrp",T8),1,0) -> 0 | Y8: 7 | Z8: Mtx7 | AA8: purple | AB8: =IF(Z8<>CONCATENATE("Mtx",Y8),1,0) -> 0 | AD8: 7 | AE8: StMtx7 | AF8: purple | AG8: =IF(AE8<>CONCATENATE("StMtx",AD8),1,0) -> 0 | AI8: 7 | AJ8: Fx7 | AK8: purple | AL8: =IF(AJ8<>CONCATENATE("Fx",AI8),1,0) -> 0 | AN8: 7 | AO8: StFx7 | AP8: purple | AQ8: =IF(AO8<>CONCATENATE("StFx",AN8),1,0) -> 0 | AS8: 7 | AT8: FxRet7 | AU8: purple | AW8: 7 | AX8: UFx7 | AY8: purple | BA8: 7 | BB8: UFxRet7 | BC8: purple
A9: 8 | B9: Dca8 | C9: black | E9: 8 | F9: Aux8 | G9: black | H9: =IF(F9<>CONCATENATE("Aux",E9),1,0) -> 0 | J9: 8 | K9: StAux8 | L9: black | M9: =IF(K9<>CONCATENATE("STAux",J9),1,0) -> 0 | O9: 8 | P9: Grp8 | Q9: black | R9: =IF(P9<>CONCATENATE("Grp",O9),1,0) -> 0 | T9: 8 | U9: StGrp8 | V9: black | W9: =IF(U9<>CONCATENATE("StGrp",T9),1,0) -> 0 | Y9: 8 | Z9: Mtx8 | AA9: black | AB9: =IF(Z9<>CONCATENATE("Mtx",Y9),1,0) -> 0 | AD9: 8 | AE9: StMtx8 | AF9: black | AG9: =IF(AE9<>CONCATENATE("StMtx",AD9),1,0) -> 0 | AI9: 8 | AJ9: Fx8 | AK9: black | AL9: =IF(AJ9<>CONCATENATE("Fx",AI9),1,0) -> 0 | AN9: 8 | AO9: StFx8 | AP9: black | AQ9: =IF(AO9<>CONCATENATE("StFx",AN9),1,0) -> 0 | AS9: 8 | AT9: FxRet8 | AU9: black | AW9: 8 | AX9: UFx8 | AY9: black | BA9: 8 | BB9: UFxRet8 | BC9: black
A10: 9 | B10: Dca9 | C10: blue | E10: 9 | F10: Aux9 | G10: blue | H10: =IF(F10<>CONCATENATE("Aux",E10),1,0) -> 0 | J10: 9 | K10: StAux9 | L10: blue | M10: =IF(K10<>CONCATENATE("STAux",J10),1,0) -> 0 | O10: 9 | P10: Grp9 | Q10: blue | R10: =IF(P10<>CONCATENATE("Grp",O10),1,0) -> 0 | T10: 9 | U10: StGrp9 | V10: blue | W10: =IF(U10<>CONCATENATE("StGrp",T10),1,0) -> 0 | Y10: 9 | Z10: Mtx9 | AA10: blue | AB10: =IF(Z10<>CONCATENATE("Mtx",Y10),1,0) -> 0 | AD10: 9 | AE10: StMtx9 | AF10: blue | AG10: =IF(AE10<>CONCATENATE("StMtx",AD10),1,0) -> 0 | AI10: 9 | AJ10: Fx9 | AK10: blue | AL10: =IF(AJ10<>CONCATENATE("Fx",AI10),1,0) -> 0 | AN10: 9 | AO10: StFx9 | AP10: blue | AQ10: =IF(AO10<>CONCATENATE("StFx",AN10),1,0) -> 0 | AS10: 9 | AT10: FxRet9 | AU10: blue
A11: 10 | B11: Dca10 | C11: red | E11: 10 | F11: Aux10 | G11: red | H11: =IF(F11<>CONCATENATE("Aux",E11),1,0) -> 0 | J11: 10 | K11: StAux10 | L11: red | M11: =IF(K11<>CONCATENATE("STAux",J11),1,0) -> 0 | O11: 10 | P11: Grp10 | Q11: red | R11: =IF(P11<>CONCATENATE("Grp",O11),1,0) -> 0 | T11: 10 | U11: StGrp10 | V11: red | W11: =IF(U11<>CONCATENATE("StGrp",T11),1,0) -> 0 | Y11: 10 | Z11: Mtx10 | AA11: red | AB11: =IF(Z11<>CONCATENATE("Mtx",Y11),1,0) -> 0 | AD11: 10 | AE11: StMtx10 | AF11: red | AG11: =IF(AE11<>CONCATENATE("StMtx",AD11),1,0) -> 0 | AI11: 10 | AJ11: Fx10 | AK11: red | AL11: =IF(AJ11<>CONCATENATE("Fx",AI11),1,0) -> 0 | AN11: 10 | AO11: StFx10 | AP11: red | AQ11: =IF(AO11<>CONCATENATE("StFx",AN11),1,0) -> 0 | AS11: 10 | AT11: FxRet10 | AU11: red
A12: 11 | B12: Dca11 | C12: yellow | E12: 11 | F12: Aux11 | G12: yellow | H12: =IF(F12<>CONCATENATE("Aux",E12),1,0) -> 0 | J12: 11 | K12: StAux11 | L12: yellow | M12: =IF(K12<>CONCATENATE("STAux",J12),1,0) -> 0 | O12: 11 | P12: Grp11 | Q12: yellow | R12: =IF(P12<>CONCATENATE("Grp",O12),1,0) -> 0 | T12: 11 | U12: StGrp11 | V12: yellow | W12: =IF(U12<>CONCATENATE("StGrp",T12),1,0) -> 0 | Y12: 11 | Z12: Mtx11 | AA12: yellow | AB12: =IF(Z12<>CONCATENATE("Mtx",Y12),1,0) -> 0 | AD12: 11 | AE12: StMtx11 | AF12: yellow | AG12: =IF(AE12<>CONCATENATE("StMtx",AD12),1,0) -> 0 | AI12: 11 | AJ12: Fx11 | AK12: yellow | AL12: =IF(AJ12<>CONCATENATE("Fx",AI12),1,0) -> 0 | AN12: 11 | AO12: StFx11 | AP12: yellow | AQ12: =IF(AO12<>CONCATENATE("StFx",AN12),1,0) -> 0 | AS12: 11 | AT12: FxRet11 | AU12: yellow
A13: 12 | B13: Dca12 | C13: green | E13: 12 | F13: Aux12 | G13: green | H13: =IF(F13<>CONCATENATE("Aux",E13),1,0) -> 0 | J13: 12 | K13: StAux12 | L13: green | M13: =IF(K13<>CONCATENATE("STAux",J13),1,0) -> 0 | O13: 12 | P13: Grp12 | Q13: green | R13: =IF(P13<>CONCATENATE("Grp",O13),1,0) -> 0 | T13: 12 | U13: StGrp12 | V13: green | W13: =IF(U13<>CONCATENATE("StGrp",T13),1,0) -> 0 | Y13: 12 | Z13: Mtx12 | AA13: green | AB13: =IF(Z13<>CONCATENATE("Mtx",Y13),1,0) -> 0 | AD13: 12 | AE13: StMtx12 | AF13: green | AG13: =IF(AE13<>CONCATENATE("StMtx",AD13),1,0) -> 0 | AI13: 12 | AJ13: Fx12 | AK13: green | AL13: =IF(AJ13<>CONCATENATE("Fx",AI13),1,0) -> 0 | AN13: 12 | AO13: StFx12 | AP13: green | AQ13: =IF(AO13<>CONCATENATE("StFx",AN13),1,0) -> 0 | AS13: 12 | AT13: FxRet12 | AU13: green
A14: 13 | B14: Dca13 | C14: light blue | E14: 13 | F14: Aux13 | G14: light blue | H14: =IF(F14<>CONCATENATE("Aux",E14),1,0) -> 0 | J14: 13 | K14: StAux13 | L14: light blue | M14: =IF(K14<>CONCATENATE("STAux",J14),1,0) -> 0 | O14: 13 | P14: Grp13 | Q14: light blue | R14: =IF(P14<>CONCATENATE("Grp",O14),1,0) -> 0 | T14: 13 | U14: StGrp13 | V14: light blue | W14: =IF(U14<>CONCATENATE("StGrp",T14),1,0) -> 0 | Y14: 13 | Z14: Mtx13 | AA14: light blue | AB14: =IF(Z14<>CONCATENATE("Mtx",Y14),1,0) -> 0 | AD14: 13 | AE14: StMtx13 | AF14: light blue | AG14: =IF(AE14<>CONCATENATE("StMtx",AD14),1,0) -> 0 | AL14: =IF(AJ14<>CONCATENATE("Fx",AI14),1,0) -> 1 | AQ14: =IF(AO14<>CONCATENATE("StFx",AN14),1,0) -> 1
A15: 14 | B15: Dca14 | C15: white | E15: 14 | F15: Aux14 | G15: white | H15: =IF(F15<>CONCATENATE("Aux",E15),1,0) -> 0 | J15: 14 | K15: StAux14 | L15: white | M15: =IF(K15<>CONCATENATE("STAux",J15),1,0) -> 0 | O15: 14 | P15: Grp14 | Q15: white | R15: =IF(P15<>CONCATENATE("Grp",O15),1,0) -> 0 | T15: 14 | U15: StGrp14 | V15: white | W15: =IF(U15<>CONCATENATE("StGrp",T15),1,0) -> 0 | Y15: 14 | Z15: Mtx14 | AA15: white | AB15: =IF(Z15<>CONCATENATE("Mtx",Y15),1,0) -> 0 | AD15: 14 | AE15: StMtx14 | AF15: white | AG15: =IF(AE15<>CONCATENATE("StMtx",AD15),1,0) -> 0 | AL15: =IF(AJ15<>CONCATENATE("Fx",AI15),1,0) -> 1 | AQ15: =IF(AO15<>CONCATENATE("StFx",AN15),1,0) -> 1
A16: 15 | B16: Dca15 | C16: purple | E16: 15 | F16: Aux15 | G16: purple | H16: =IF(F16<>CONCATENATE("Aux",E16),1,0) -> 0 | J16: 15 | K16: StAux15 | L16: purple | M16: =IF(K16<>CONCATENATE("STAux",J16),1,0) -> 0 | O16: 15 | P16: Grp15 | Q16: purple | R16: =IF(P16<>CONCATENATE("Grp",O16),1,0) -> 0 | T16: 15 | U16: StGrp15 | V16: purple | W16: =IF(U16<>CONCATENATE("StGrp",T16),1,0) -> 0 | Y16: 15 | Z16: Mtx15 | AA16: purple | AB16: =IF(Z16<>CONCATENATE("Mtx",Y16),1,0) -> 0 | AD16: 15 | AE16: StMtx15 | AF16: purple | AG16: =IF(AE16<>CONCATENATE("StMtx",AD16),1,0) -> 0 | AL16: =IF(AJ16<>CONCATENATE("Fx",AI16),1,0) -> 1 | AQ16: =IF(AO16<>CONCATENATE("StFx",AN16),1,0) -> 1
A17: 16 | B17: Dca16 | C17: black | E17: 16 | F17: Aux16 | G17: black | H17: =IF(F17<>CONCATENATE("Aux",E17),1,0) -> 0 | J17: 16 | K17: StAux16 | L17: black | M17: =IF(K17<>CONCATENATE("STAux",J17),1,0) -> 0 | O17: 16 | P17: Grp16 | Q17: black | R17: =IF(P17<>CONCATENATE("Grp",O17),1,0) -> 0 | T17: 16 | U17: StGrp16 | V17: black | W17: =IF(U17<>CONCATENATE("StGrp",T17),1,0) -> 0 | Y17: 16 | Z17: Mtx16 | AA17: black | AB17: =IF(Z17<>CONCATENATE("Mtx",Y17),1,0) -> 0 | AD17: 16 | AE17: StMtx16 | AF17: black | AG17: =IF(AE17<>CONCATENATE("StMtx",AD17),1,0) -> 0 | AL17: =IF(AJ17<>CONCATENATE("Fx",AI17),1,0) -> 1 | AQ17: =IF(AO17<>CONCATENATE("StFx",AN17),1,0) -> 1
E18: 17 | F18: Aux17 | G18: blue | H18: =IF(F18<>CONCATENATE("Aux",E18),1,0) -> 0 | J18: 17 | K18: StAux17 | L18: blue | M18: =IF(K18<>CONCATENATE("STAux",J18),1,0) -> 0 | O18: 17 | P18: Grp17 | Q18: blue | R18: =IF(P18<>CONCATENATE("Grp",O18),1,0) -> 0 | T18: 17 | U18: StGrp17 | V18: blue | W18: =IF(U18<>CONCATENATE("StGrp",T18),1,0) -> 0 | Y18: 17 | Z18: Mtx17 | AA18: blue | AB18: =IF(Z18<>CONCATENATE("Mtx",Y18),1,0) -> 0 | AD18: 17 | AE18: StMtx17 | AF18: blue | AG18: =IF(AE18<>CONCATENATE("StMtx",AD18),1,0) -> 0
E19: 18 | F19: Aux18 | G19: red | H19: =IF(F19<>CONCATENATE("Aux",E19),1,0) -> 0 | J19: 18 | K19: StAux18 | L19: red | M19: =IF(K19<>CONCATENATE("STAux",J19),1,0) -> 0 | O19: 18 | P19: Grp18 | Q19: red | R19: =IF(P19<>CONCATENATE("Grp",O19),1,0) -> 0 | T19: 18 | U19: StGrp18 | V19: red | W19: =IF(U19<>CONCATENATE("StGrp",T19),1,0) -> 0 | Y19: 18 | Z19: Mtx18 | AA19: red | AB19: =IF(Z19<>CONCATENATE("Mtx",Y19),1,0) -> 0 | AD19: 18 | AE19: StMtx18 | AF19: red | AG19: =IF(AE19<>CONCATENATE("StMtx",AD19),1,0) -> 0
E20: 19 | F20: Aux19 | G20: yellow | H20: =IF(F20<>CONCATENATE("Aux",E20),1,0) -> 0 | J20: 19 | K20: StAux19 | L20: yellow | M20: =IF(K20<>CONCATENATE("STAux",J20),1,0) -> 0 | O20: 19 | P20: Grp19 | Q20: yellow | R20: =IF(P20<>CONCATENATE("Grp",O20),1,0) -> 0 | T20: 19 | U20: StGrp19 | V20: yellow | W20: =IF(U20<>CONCATENATE("StGrp",T20),1,0) -> 0 | Y20: 19 | Z20: Mtx19 | AA20: yellow | AB20: =IF(Z20<>CONCATENATE("Mtx",Y20),1,0) -> 0 | AD20: 19 | AE20: StMtx19 | AF20: yellow | AG20: =IF(AE20<>CONCATENATE("StMtx",AD20),1,0) -> 0
E21: 20 | F21: Aux20 | G21: green | H21: =IF(F21<>CONCATENATE("Aux",E21),1,0) -> 0 | J21: 20 | K21: StAux20 | L21: green | M21: =IF(K21<>CONCATENATE("STAux",J21),1,0) -> 0 | O21: 20 | P21: Grp20 | Q21: green | R21: =IF(P21<>CONCATENATE("Grp",O21),1,0) -> 0 | T21: 20 | U21: StGrp20 | V21: green | W21: =IF(U21<>CONCATENATE("StGrp",T21),1,0) -> 0 | Y21: 20 | Z21: Mtx20 | AA21: green | AB21: =IF(Z21<>CONCATENATE("Mtx",Y21),1,0) -> 0 | AD21: 20 | AE21: StMtx20 | AF21: green | AG21: =IF(AE21<>CONCATENATE("StMtx",AD21),1,0) -> 0
E22: 21 | F22: Aux21 | G22: light blue | H22: =IF(F22<>CONCATENATE("Aux",E22),1,0) -> 0 | M22: =IF(K22<>CONCATENATE("STAux",J22),1,0) -> 1 | O22: 21 | P22: Grp21 | Q22: light blue | R22: =IF(P22<>CONCATENATE("Grp",O22),1,0) -> 0 | W22: =IF(U22<>CONCATENATE("StGrp",T22),1,0) -> 1 | Y22: 21 | Z22: Mtx21 | AA22: light blue | AB22: =IF(Z22<>CONCATENATE("Mtx",Y22),1,0) -> 0 | AG22: =IF(AE22<>CONCATENATE("StMtx",AD22),1,0) -> 1
E23: 22 | F23: Aux22 | G23: white | H23: =IF(F23<>CONCATENATE("Aux",E23),1,0) -> 0 | M23: =IF(K23<>CONCATENATE("STAux",J23),1,0) -> 1 | O23: 22 | P23: Grp22 | Q23: white | R23: =IF(P23<>CONCATENATE("Grp",O23),1,0) -> 0 | W23: =IF(U23<>CONCATENATE("StGrp",T23),1,0) -> 1 | Y23: 22 | Z23: Mtx22 | AA23: white | AB23: =IF(Z23<>CONCATENATE("Mtx",Y23),1,0) -> 0 | AG23: =IF(AE23<>CONCATENATE("StMtx",AD23),1,0) -> 1
E24: 23 | F24: Aux23 | G24: purple | H24: =IF(F24<>CONCATENATE("Aux",E24),1,0) -> 0 | M24: =IF(K24<>CONCATENATE("STAux",J24),1,0) -> 1 | O24: 23 | P24: Grp23 | Q24: purple | R24: =IF(P24<>CONCATENATE("Grp",O24),1,0) -> 0 | W24: =IF(U24<>CONCATENATE("StGrp",T24),1,0) -> 1 | Y24: 23 | Z24: Mtx23 | AA24: purple | AB24: =IF(Z24<>CONCATENATE("Mtx",Y24),1,0) -> 0 | AG24: =IF(AE24<>CONCATENATE("StMtx",AD24),1,0) -> 1
E25: 24 | F25: Aux24 | G25: black | H25: =IF(F25<>CONCATENATE("Aux",E25),1,0) -> 0 | M25: =IF(K25<>CONCATENATE("STAux",J25),1,0) -> 1 | O25: 24 | P25: Grp24 | Q25: black | R25: =IF(P25<>CONCATENATE("Grp",O25),1,0) -> 0 | W25: =IF(U25<>CONCATENATE("StGrp",T25),1,0) -> 1 | Y25: 24 | Z25: Mtx24 | AA25: black | AB25: =IF(Z25<>CONCATENATE("Mtx",Y25),1,0) -> 0 | AG25: =IF(AE25<>CONCATENATE("StMtx",AD25),1,0) -> 1
E26: 25 | F26: Aux25 | G26: blue | H26: =IF(F26<>CONCATENATE("Aux",E26),1,0) -> 0 | M26: =IF(K26<>CONCATENATE("STAux",J26),1,0) -> 1 | O26: 25 | P26: Grp25 | Q26: blue | R26: =IF(P26<>CONCATENATE("Grp",O26),1,0) -> 0 | W26: =IF(U26<>CONCATENATE("StGrp",T26),1,0) -> 1 | Y26: 25 | Z26: Mtx25 | AA26: blue | AB26: =IF(Z26<>CONCATENATE("Mtx",Y26),1,0) -> 0 | AG26: =IF(AE26<>CONCATENATE("StMtx",AD26),1,0) -> 1
E27: 26 | F27: Aux26 | G27: red | H27: =IF(F27<>CONCATENATE("Aux",E27),1,0) -> 0 | M27: =IF(K27<>CONCATENATE("STAux",J27),1,0) -> 1 | O27: 26 | P27: Grp26 | Q27: red | R27: =IF(P27<>CONCATENATE("Grp",O27),1,0) -> 0 | W27: =IF(U27<>CONCATENATE("StGrp",T27),1,0) -> 1 | Y27: 26 | Z27: Mtx26 | AA27: red | AB27: =IF(Z27<>CONCATENATE("Mtx",Y27),1,0) -> 0 | AG27: =IF(AE27<>CONCATENATE("StMtx",AD27),1,0) -> 1
E28: 27 | F28: Aux27 | G28: yellow | H28: =IF(F28<>CONCATENATE("Aux",E28),1,0) -> 0 | M28: =IF(K28<>CONCATENATE("STAux",J28),1,0) -> 1 | O28: 27 | P28: Grp27 | Q28: yellow | R28: =IF(P28<>CONCATENATE("Grp",O28),1,0) -> 0 | W28: =IF(U28<>CONCATENATE("StGrp",T28),1,0) -> 1 | Y28: 27 | Z28: Mtx27 | AA28: yellow | AB28: =IF(Z28<>CONCATENATE("Mtx",Y28),1,0) -> 0 | AG28: =IF(AE28<>CONCATENATE("StMtx",AD28),1,0) -> 1
E29: 28 | F29: Aux28 | G29: green | H29: =IF(F29<>CONCATENATE("Aux",E29),1,0) -> 0 | M29: =IF(K29<>CONCATENATE("STAux",J29),1,0) -> 1 | O29: 28 | P29: Grp28 | Q29: green | R29: =IF(P29<>CONCATENATE("Grp",O29),1,0) -> 0 | W29: =IF(U29<>CONCATENATE("StGrp",T29),1,0) -> 1 | Y29: 28 | Z29: Mtx28 | AA29: green | AB29: =IF(Z29<>CONCATENATE("Mtx",Y29),1,0) -> 0 | AG29: =IF(AE29<>CONCATENATE("StMtx",AD29),1,0) -> 1
E30: 29 | F30: Aux29 | G30: light blue | H30: =IF(F30<>CONCATENATE("Aux",E30),1,0) -> 0 | M30: =IF(K30<>CONCATENATE("STAux",J30),1,0) -> 1 | O30: 29 | P30: Grp29 | Q30: light blue | R30: =IF(P30<>CONCATENATE("Grp",O30),1,0) -> 0 | W30: =IF(U30<>CONCATENATE("StGrp",T30),1,0) -> 1 | Y30: 29 | Z30: Mtx29 | AA30: light blue | AB30: =IF(Z30<>CONCATENATE("Mtx",Y30),1,0) -> 0 | AG30: =IF(AE30<>CONCATENATE("StMtx",AD30),1,0) -> 1
E31: 30 | F31: Aux30 | G31: white | H31: =IF(F31<>CONCATENATE("Aux",E31),1,0) -> 0 | M31: =IF(K31<>CONCATENATE("STAux",J31),1,0) -> 1 | O31: 30 | P31: Grp30 | Q31: white | R31: =IF(P31<>CONCATENATE("Grp",O31),1,0) -> 0 | W31: =IF(U31<>CONCATENATE("StGrp",T31),1,0) -> 1 | Y31: 30 | Z31: Mtx30 | AA31: white | AB31: =IF(Z31<>CONCATENATE("Mtx",Y31),1,0) -> 0 | AG31: =IF(AE31<>CONCATENATE("StMtx",AD31),1,0) -> 1
E32: 31 | F32: Aux31 | G32: purple | H32: =IF(F32<>CONCATENATE("Aux",E32),1,0) -> 0 | M32: =IF(K32<>CONCATENATE("STAux",J32),1,0) -> 1 | O32: 31 | P32: Grp31 | Q32: purple | R32: =IF(P32<>CONCATENATE("Grp",O32),1,0) -> 0 | W32: =IF(U32<>CONCATENATE("StGrp",T32),1,0) -> 1 | Y32: 31 | Z32: Mtx31 | AA32: purple | AB32: =IF(Z32<>CONCATENATE("Mtx",Y32),1,0) -> 0 | AG32: =IF(AE32<>CONCATENATE("StMtx",AD32),1,0) -> 1
E33: 32 | F33: Aux32 | G33: black | H33: =IF(F33<>CONCATENATE("Aux",E33),1,0) -> 0 | O33: 32 | P33: Grp32 | Q33: black | R33: =IF(P33<>CONCATENATE("Grp",O33),1,0) -> 0 | Y33: 32 | Z33: Mtx32 | AA33: black | AB33: =IF(Z33<>CONCATENATE("Mtx",Y33),1,0) -> 0
E34: 33 | F34: Aux33 | G34: blue | H34: =IF(F34<>CONCATENATE("Aux",E34),1,0) -> 0 | O34: 33 | P34: Grp33 | Q34: blue | R34: =IF(P34<>CONCATENATE("Grp",O34),1,0) -> 0 | Y34: 33 | Z34: Mtx33 | AA34: blue | AB34: =IF(Z34<>CONCATENATE("Mtx",Y34),1,0) -> 0
E35: 34 | F35: Aux34 | G35: red | H35: =IF(F35<>CONCATENATE("Aux",E35),1,0) -> 0 | O35: 34 | P35: Grp34 | Q35: red | R35: =IF(P35<>CONCATENATE("Grp",O35),1,0) -> 0 | Y35: 34 | Z35: Mtx34 | AA35: red | AB35: =IF(Z35<>CONCATENATE("Mtx",Y35),1,0) -> 0
E36: 35 | F36: Aux35 | G36: yellow | H36: =IF(F36<>CONCATENATE("Aux",E36),1,0) -> 0 | O36: 35 | P36: Grp35 | Q36: yellow | R36: =IF(P36<>CONCATENATE("Grp",O36),1,0) -> 0 | Y36: 35 | Z36: Mtx35 | AA36: yellow | AB36: =IF(Z36<>CONCATENATE("Mtx",Y36),1,0) -> 0
E37: 36 | F37: Aux36 | G37: green | H37: =IF(F37<>CONCATENATE("Aux",E37),1,0) -> 0 | O37: 36 | P37: Grp36 | Q37: green | R37: =IF(P37<>CONCATENATE("Grp",O37),1,0) -> 0 | Y37: 36 | Z37: Mtx36 | AA37: green | AB37: =IF(Z37<>CONCATENATE("Mtx",Y37),1,0) -> 0
E38: 37 | F38: Aux37 | G38: light blue | H38: =IF(F38<>CONCATENATE("Aux",E38),1,0) -> 0 | O38: 37 | P38: Grp37 | Q38: light blue | R38: =IF(P38<>CONCATENATE("Grp",O38),1,0) -> 0 | Y38: 37 | Z38: Mtx37 | AA38: light blue | AB38: =IF(Z38<>CONCATENATE("Mtx",Y38),1,0) -> 0
E39: 38 | F39: Aux38 | G39: white | H39: =IF(F39<>CONCATENATE("Aux",E39),1,0) -> 0 | O39: 38 | P39: Grp38 | Q39: white | R39: =IF(P39<>CONCATENATE("Grp",O39),1,0) -> 0 | Y39: 38 | Z39: Mtx38 | AA39: white | AB39: =IF(Z39<>CONCATENATE("Mtx",Y39),1,0) -> 0
E40: 39 | F40: Aux39 | G40: purple | H40: =IF(F40<>CONCATENATE("Aux",E40),1,0) -> 0 | O40: 39 | P40: Grp39 | Q40: purple | R40: =IF(P40<>CONCATENATE("Grp",O40),1,0) -> 0 | Y40: 39 | Z40: Mtx39 | AA40: purple | AB40: =IF(Z40<>CONCATENATE("Mtx",Y40),1,0) -> 0
E41: 40 | F41: Aux40 | G41: black | H41: =IF(F41<>CONCATENATE("Aux",E41),1,0) -> 0 | O41: 40 | P41: Grp40 | Q41: black | R41: =IF(P41<>CONCATENATE("Grp",O41),1,0) -> 0 | Y41: 40 | Z41: Mtx40 | AA41: black | AB41: =IF(Z41<>CONCATENATE("Mtx",Y41),1,0) -> 0
H42: =IF(F42<>CONCATENATE("Aux",E42),1,0) -> 1 | R42: =IF(P42<>CONCATENATE("Grp",O42),1,0) -> 1 | AB42: =IF(Z42<>CONCATENATE("Mtx",Y42),1,0) -> 1
H43: =IF(F43<>CONCATENATE("Aux",E43),1,0) -> 1 | R43: =IF(P43<>CONCATENATE("Grp",O43),1,0) -> 1 | AB43: =IF(Z43<>CONCATENATE("Mtx",Y43),1,0) -> 1
H44: =IF(F44<>CONCATENATE("Aux",E44),1,0) -> 1 | R44: =IF(P44<>CONCATENATE("Grp",O44),1,0) -> 1 | AB44: =IF(Z44<>CONCATENATE("Mtx",Y44),1,0) -> 1
H45: =IF(F45<>CONCATENATE("Aux",E45),1,0) -> 1 | R45: =IF(P45<>CONCATENATE("Grp",O45),1,0) -> 1 | AB45: =IF(Z45<>CONCATENATE("Mtx",Y45),1,0) -> 1
H46: =IF(F46<>CONCATENATE("Aux",E46),1,0) -> 1 | R46: =IF(P46<>CONCATENATE("Grp",O46),1,0) -> 1 | AB46: =IF(Z46<>CONCATENATE("Mtx",Y46),1,0) -> 1
H47: =IF(F47<>CONCATENATE("Aux",E47),1,0) -> 1 | R47: =IF(P47<>CONCATENATE("Grp",O47),1,0) -> 1 | AB47: =IF(Z47<>CONCATENATE("Mtx",Y47),1,0) -> 1
H48: =IF(F48<>CONCATENATE("Aux",E48),1,0) -> 1 | R48: =IF(P48<>CONCATENATE("Grp",O48),1,0) -> 1 | AB48: =IF(Z48<>CONCATENATE("Mtx",Y48),1,0) -> 1
H49: =IF(F49<>CONCATENATE("Aux",E49),1,0) -> 1 | R49: =IF(P49<>CONCATENATE("Grp",O49),1,0) -> 1 | AB49: =IF(Z49<>CONCATENATE("Mtx",Y49),1,0) -> 1
H50: =IF(F50<>CONCATENATE("Aux",E50),1,0) -> 1 | R50: =IF(P50<>CONCATENATE("Grp",O50),1,0) -> 1 | AB50: =IF(Z50<>CONCATENATE("Mtx",Y50),1,0) -> 1
H51: =IF(F51<>CONCATENATE("Aux",E51),1,0) -> 1 | R51: =IF(P51<>CONCATENATE("Grp",O51),1,0) -> 1 | AB51: =IF(Z51<>CONCATENATE("Mtx",Y51),1,0) -> 1
H52: =IF(F52<>CONCATENATE("Aux",E52),1,0) -> 1 | R52: =IF(P52<>CONCATENATE("Grp",O52),1,0) -> 1 | AB52: =IF(Z52<>CONCATENATE("Mtx",Y52),1,0) -> 1
H53: =IF(F53<>CONCATENATE("Aux",E53),1,0) -> 1 | R53: =IF(P53<>CONCATENATE("Grp",O53),1,0) -> 1 | AB53: =IF(Z53<>CONCATENATE("Mtx",Y53),1,0) -> 1
... H63: =IF(F63<>CONCATENATE("Aux",E63),1,0) -> 1 | R63: =IF(P63<>CONCATENATE("Grp",O63),1,0) -> 1 | AB63: =IF(Z63<>CONCATENATE("Mtx",Y63),1,0) -> 1
H65: =COUNTIF(H2:H63,1) -> 22 | M65: =COUNTIF(M2:M63,1) -> 11 | R65: =COUNTIF(R2:R63,1) -> 22 | W65: =COUNTIF(W2:W63,1) -> 11 | AB65: =COUNTIF(AB2:AB63,1) -> 22 | AG65: =COUNTIF(AG2:AG63,1) -> 11 | AL65: =COUNTIF(AL2:AL63,1) -> 4 | AQ65: =COUNTIF(AQ2:AQ63,1) -> 4

Sheet Mixer Config
B1: Mono | C1: Stereo
A2: Group | B2: =Groups!R65 -> 22 | C2: =Groups!W65 -> 11
A3: FX | B3: =Groups!AL65 -> 4 | C3: =Groups!AQ65 -> 4
A4: Aux | B4: =Groups!H65 -> 22 | C4: =Groups!M65 -> 11
A5: Matrix | B5: =Groups!AB65 -> 22 | C5: =Groups!AG65 -> 11
A7: This is a report from the „Groups“ sheet. It does not change the Mixer Config. When you change the default name in the „Groups“ sheet, the corresponding value is increased here.

Sheet Misc
A1: Property | B1: Value | C1: Description
A2: Version | B2: 14 | C2: Version of the sheet, indicates how the cell/columns are arranged.
